Train No,Train Code
A1,96301
C1,97601
N1,96401
S1,96101
T1,97301
TS1,96103
TK1,97001
CTL1,96601
N3,96403
TDL1,97201
KP1,95001
CT1,97303
TS3,96105
TTL1,96603
S3,96107
TAN1,96503
CBL1,96201
K1,97003
CK1,97005
N5,96405
AN1,96505
A3,96303
K3,95701
TK3,97007
TL1,96605
CK3,97009
A5,96305
S5,95101
CK5,97011
TL3,96607
CK7,97013
AN3,96507
K5,95703
S7,95103
CK9,97015
PK1,97017
TL5,96609
CA1,96307
DL1,97203
BL1,95201
PK3,97019
TL7,96611
CDL1,97205
KAN3,96509
K7,97021
T3,97305
A7,96309
S9,95105
CK11,97023
N7,95401
TL9,96613
T5,97307
BL3,95203
K9,97025
T7,97309
DL3,97207
K11,95705
K13,97027
AN5,95501
T9,97311
KP3,95003
K15,97029
DL5,97209
AN7,96511
K17,95707
T11,97313
BL5,95205
PK5,97031
K19,97033
T13,97315
T15,95901
TTL3,96615
PK7,97035
T17,97317
K21,97037
S11,95107
T19,97319
DL7,97211
TTL5,96617
PT1,97321
DA1,95301
T21,97323
C3,97603
N9,95403
K23,95709
CK13,97039
G1,97501
C5,97605
A9,95303
T23,97325
T25,95903
K25,97041
BL7,95207
C7,97607
K27,95711
S13,95109
PT3,97327
T27,97329
T29,95905
K29,97043
BL9,95209
G3,97503
C9,97609
TL11,95601
A11,95305
TK5,97045
DL9,97213
T31,97331
AN9,95503
BL11,95211
C11,97611
K31,97047
TL13,95603
S15,95111
T33,97333
PDL1,97215
K33,97049
N11,95405
K35,97051
TL15,95605
T35,97335
T37,95907
C13,97613
BL13,95213
T39,97337
A13,95307
TL17,96619
G5,97505
S17,95113
C15,97615
K37,95713
K39,97053
BL15,95215
T41,97339
A15,95309
K41,97055
N13,95407
T43,97341
BL17,95217
DL11,97217
A17,95311
PK9,97057
DK1,95715
T45,97343
C17,97617
DL13,97219
S19,95115
T47,97345
BL19,95219
C19,97619
K43,97059
TL19,95607
T49,97347
A19,95313
DBL1,95221
TAN3,96513
PK11,97061
T51,97349
TL21,95609
C21,97621
TL23,96621
T53,97351
C23,97623
S21,95117
TS5,96109
T55,97353
A21,95315
K45,97063
TL25,96623
PK13,97065
DL15,97221
CK15,97067
DL17,95801
T57,97355
A23,96311
N15,95409
T59,97357
BL21,95223
K47,97069
TL27,96625
A25,96313
PDL3,97223
K49,97071
DBL3,95225
TBL1,96203
K51,97073
PDL5,97225
KP5,95005
T61,97359
K53,95717
K55,97075
N17,95411
K57,97077
DL19,97227
TL29,96627
A27,96315
K59,97079
PK15,97081
K61,95719
DA3,95317
T63,97361
K63,97083
TTL7,96629
T65,97363
N19,96407
AN11,95505
A29,96317
S23,95119
BL23,95227
PDL7,97229
K65,97085
AN13,96515
T67,97365
S25,95121
TK7,97087
TL31,96631
K67,97089
BL25,95229
BL27,96205
DL21,97231
T69,97367
DT1,95909
CK17,97091
TL33,96633
K69,97093
BL29,96207
N21,95413
K71,97095
K73,97097
T71,97369
A31,96319
K75,97099
AN15,95507
S27,95123
PK17,97101
N23,96409
A33,96321
K77,97103
T73,97371
BL31,95231
TBL3,96209
PK19,97105
TL35,96635
KP7,95007
DL23,97233
K79,95721
DTL1,95611
K81,97107
DL25,97235
T75,97373
AN17,96517
S29,95125
PK21,97109
BL33,95233
TL37,96637
DL27,97237
KW1,97111
PT5,97375
TA1,96323
K83,97113
DL29,97239
A35,95319
K85,97115
T77,97377
K87,95723
A37,96325
AN19,95509
T79,97379
TL39,96639
S31,95127
CK19,97117
TK9,97119
T81,97381
DL31,97241
T83,97383
C25,97625
CK21,97121
BL35,95235
K89,97123
N25,95415
T85,97385
A39,95321
TS7,96111
PDL9,97243
CK23,97125
K91,97127
T87,97387
DL33,97245
T89,97389
DK3,95725
K93,97129
AN21,95511
BL37,95237
PK23,97131
T91,97391
K95,95727
C27,97627
CK25,97133
TL41,95613
T93,97393
KP9,95009
K97,97135
DL35,95803
A41,95323
PDL11,97247
C29,97629
AN23,95513
DK5,95729
CK27,97137
T95,97395
K99,97139
TL43,95615
TBL5,96211
DL37,97249
BL39,95239
K101,95731
PK25,97141
T97,97397
A43,95325
K103,97143
T99,95911
K105,97145
DL39,97251
S33,95129
C31,97631
A45,95327
TK11,97147
T101,97399
PK27,97149
N27,95417
AN25,95515
A47,96327
K107,95733
T103,97401
TL45,95617
DL41,97253
BL41,95241
T105,97403
K109,95735
C33,97633
S35,95131
TL47,95619
DK7,95737
TBL7,96213
PK29,97151
T107,97405
T109,95913
K111,97153
DL43,97255
TS9,96113
PT7,97407
BL43,95243
K113,97155
N29,95419
K115,97157
T111,97409
BL45,95245
DA5,95329
K117,95739
TL49,95621
CK29,97159
PDL13,97257
TA3,96329
BL47,96215
K119,97161
A49,95331
PT9,97411
T113,97413
TL51,95623
S37,95133
BL49,96217
T115,97415
AN27,95517
K121,97163
TL53,96641
T117,97417
A51,96331
PK31,97165
DL45,97259
K123,97167
DT3,95915
TL55,96643
T119,97419
TBL9,96219
A53,96333
C35,97635
PK33,97169
KP11,95011
N31,95421
A55,95333
DL47,97261
T121,97421
AN29,96519
K125,97171
T123,97423
BL51,96221
DL49,97263
K127,97173
TL57,96645
S39,95135
PK35,97175
BL53,96223
N33,96411
C37,97637
A57,96335
K129,95741
BL55,96225
PK37,97177
K131,97179
CK31,97181
C39,97639
KP13,95013
TL59,96647
DK9,95743
K133,97183
T125,97425
K135,97185
T127,97427
K137,97187
BL57,95247
KP15,96019
C41,97641
PA1,96337
T129,97429
BL59,96227
T131,97431
N35,95423
TL61,96649
C43,97643
PA3,96339
T133,97433
C45,97645
A59,95335
T54,95910
T135,97435
TL63,96651
KP17,95015
C47,97647
S41,96115
C49,97649
T137,97437
TL65,96653
T139,97439
BL61,96229
T141,97441
C51,97651
S2,96102
T2,97302
C2,97602
T4,97304
C4,97604
A2,96302
T6,97306
TL2,96602
T8,97308
A4,96304
T10,95902
S4,96104
K2,97002
TL4,96604
T12,97310
N2,96402
T14,97312
A6,96306
KW2,97004
T16,97314
S6,96106
S8,95102
TL6,96606
A8,96308
K4,97006
K6,97008
DL4,95802
DL2,97202
KP2,95002
TL8,96608
T18,97316
BL2,96202
K8,97010
N4,96404
K12,95702
K10,97012
S10,95104
T20,97318
A10,96310
TL10,96610
T22,97320
BL4,96204
C6,97606
K14,97014
BL8,95202
PK2,97016
AN2,96502
PK4,97018
N6,95402
K18,95704
S12,95106
TL12,96612
BL6,96206
A12,95302
PK6,97020
KP4,95004
T24,97322
K16,97022
TL14,95602
DL6,97204
DK2,95706
T28,95904
K20,97024
A14,95304
T26,97324
S14,95108
K24,95708
K22,97026
T32,95906
DL8,97206
A16,95306
AN6,95502
T30,97326
S16,95110
AN4,96504
PK8,97028
N8,95404
DL10,95804
T34,97328
A18,95308
K26,97030
K30,95710
TL16,96614
BL10,95204
T36,97330
K34,95712
K28,97032
N10,95406
C8,97608
A20,95310
T38,97332
TBL2,96208
T42,95908
K32,97034
S18,95112
G2,97502
PTL2,96616
K38,95714
T40,97334
K36,95716
DL12,97208
TK2,97036
T44,97336
A22,95312
C10,97610
BL12,95206
T46,97338
AN8,95504
TL18,96618
K40,95718
G4,97504
DL14,97210
S20,95114
T48,97340
C12,97612
T52,97344
N12,95408
K42,97040
TAN2,96506
T56,97346
DK4,95720
BL16,95208
K46,95722
K44,97042
KP6,95006
T58,97348
DK6,95724
PDL2,97212
A24,95314
G6,97506
T60,97350
K48,97044
AN10,96508
T66,95912
T62,97352
A26,95316
PTL4,96620
T64,97354
S22,95116
K50,97046
T68,97356
K52,97048
DL16,97214
TL22,96622
AN12,96510
CK2,97050
TL24,95606
BL20,95210
BL18,96212
PK12,97052
T70,97358
DL18,97216
TK4,97054
T72,97360
DK8,95726
PK14,97056
N14,95410
S24,95118
TL20,95604
TL26,96624
A28,95346
TK6,97058
K54,95728
DA2,95318
T74,97362
BL22,96214
A30,96314
TL28,96626
DL20,97218
PK16,97060
S26,95120
BL24,96216
K56,97062
N16,95412
AN14,96512
DL22,97220
BL26,96218
PK18,97064
TL30,96628
BL30,95212
A32,96316
BL28,96220
T76,97364
TK8,97066
DBL2,95214
S28,95122
A34,96318
TL32,96630
K58,97068
DL24,97222
S30,95124
K60,97070
T78,97366
TL34,96632
A36,96320
TK10,97072
N18,95414
TL36,96634
CK4,97074
K64,95730
BL32,95216
DL26,97224
S32,95126
K62,97076
T80,97368
TL38,96636
PDL4,97226
K70,95732
K66,97078
DBL4,95218
A38,96322
T82,97370
TAN4,96514
K68,97080
DL28,97228
PK20,97082
BL34,95220
TL40,96638
A42,95320
K72,97084
T84,95914
A40,96324
PT2,97372
TS2,96108
N20,95416
S34,95128
K74,97086
K76,97088
T86,97374
A44,95322
K78,97090
KP8,95008
DL30,97230
PT4,97376
BL36,95222
C14,97614
TL42,96640
A46,95324
T88,97378
K80,97092
TK12,97094
C16,97616
AN16,95506
T90,97380
TL44,96642
BL38,95224
DL32,97232
N22,95418
K82,97096
C18,97618
BL40,95226
K84,97098
T92,97382
PK22,97100
TL46,96644
TL48,95608
S36,95130
T94,97384
AN18,95508
TK14,97102
K86,97104
K88,97106
DK10,95734
A48,95326
T96,97386
PK24,97108
BL42,95228
K92,95736
C20,97620
N24,95420
K90,97110
S38,95132
T98,97388
DL34,97234
T100,97390
DA4,95328
PT6,97392
TL50,95610
BL44,95230
TK16,97112
T102,97394
DL36,97236
AN20,95510
T104,97396
BL46,95232
T106,97398
PK26,97114
TL52,95612
T108,97400
K96,95738
DL38,97238
N26,95422
C22,97622
BL48,95234
T110,97402
K102,95740
K94,97116
A50,95330
T112,97404
PDL6,97240
KP10,95010
TL54,95614
K98,97118
C24,97624
T114,97406
K100,97120
A52,95332
T116,97408
DL40,97242
PT8,97410
N28,95424
DA6,95334
K108,95742
C26,97626
S40,95134
K104,97122
AN22,95512
PT10,97412
TK18,97124
K110,95744
DL42,97244
BL50,95236
T118,97414
K106,97126
DA8,95336
TL56,95616
T120,97416
PDL8,97246
S42,95136
K112,97128
C28,97628
PT12,97418
TK20,97130
DL44,97248
CK6,97132
BL52,95238
K114,97134
KP12,95012
AN24,96516
T122,97420
TK22,97136
DA10,95338
K116,97138
N30,95426
T124,97422
S44,95138
PK28,97140
K118,97142
T126,97424
TTL2,96646
DL46,97250
AN26,95514
K120,97144
BL54,95240
T128,97426
PK30,97146
DL48,97252
K122,97148
TK24,97150
A54,96326
A56,95340
K124,97152
BL56,95242
TL58,96648
PK32,97154
S46,95140
DL50,97254
DK12,95746
T130,97428
AN28,96518
DL52,97256
K126,97156
TL60,96650
A58,95342
K128,97158
PK34,97160
BL60,95244
BL58,96222
AN30,95516
T132,97430
TK26,97162
A60,95344
TL62,96652
DL54,97258
CK8,97164
PT14,97432
N32,95428
S48,95142
TL64,96654
PK36,97166
C30,97630
BL62,96224
BL64,95246
S50,95144
K130,97168
TL66,96656
PT16,97434
A62,96328
DL56,97260
BL66,95248
K132,97170
K134,97172
N34,95430
DL58,97262
A64,96330
TL68,96658
K136,97174
S54,95146
A66,96332
S52,96110
PDL10,97264
TTL4,96660
AN32,96520
CK10,97176
K138,95748
PBL2,96226
TK28,97178
CT2,97436
N36,96406
TK30,97180
TBL4,96228
TTL6,96662
KP14,96020
TAN6,96522
TK32,97182
BL68,96230
GN2,98702
PL2,98002
B2,98802
V2,98502
BR2,98302
B4,98804
VVD2,98506
V4,98504
BR4,98304
PL4,98004
V6,98508
BR6,98306
V8,98510
B6,98806
PL6,98006
VVD4,98512
BR8,98308
GN4,98704
V10,98514
PL8,98008
GN6,98706
V12,98516
PL10,98010
GN8,98708
V14,98518
PL12,98012
B8,98808
BR10,98310
PL14,98014
GN10,98710
BRVD2,98312
PL16,98016
V16,98520
GN12,98712
BR12,98314
B10,98810
PL18,98018
BR14,98316
GN14,98714
PL20,98020
B12,98812
VVD6,98522
PL22,98022
GN16,98716
V18,98524
B14,98814
PLVD2,98024
PL24,98026
BR16,98318
GN18,98718
PL26,98028
V20,98526
GNPL2,98902
BR18,98320
PLVD4,98030
B16,98816
PL28,98032
V22,98528
PLVD6,98034
GN20,98720
M2,98602
PL30,98036
BR20,98322
B18,98818
V24,98530
PL32,98038
BR22,98324
GN22,98722
PLVD8,98040
PL34,98042
V26,98532
B20,98820
PL36,98044
M4,98604
GNPL4,98904
PL38,98046
B22,98822
PL40,98048
GN24,98724
CM2,98606
BR24,98326
PLVD10,98050
B24,98824
V28,98534
PL42,98052
GN26,98726
PLVD12,98054
BR26,98328
PL44,98056
B26,98826
BR28,98330
GNPL5,98906
PL46,98058
V30,98536
PL48,98060
GN28,98728
BR30,98332
PL50,98062
PLVD14,98064
B28,98828
V32,98538
PL52,98066
GN30,98730
PLVD16,98068
V34,98540
PL54,98070
B30,98830
BR32,98334
PL56,98072
GN32,98732
PL58,98074
PLVD18,98076
BR34,98336
98832,98832
PL60,98078
GN34,98734
BR36,98338
PL62,98080
B34,98834
BR38,98340
GN36,98736
PL64,98082
WGN2,91392
PLVD20,98084
PL66,98086
BR40,98342
PLVD22,98088
B36,98836
PL68,98090
GN38,98738
BR42,98344
PL70,98092
B38,98838
PL72,98094
GNPL6,98908
BR44,98346
GN40,98740
PLVD24,98096
PL74,98098
B40,98840
BR46,98348
PL76,98100
GN42,98742
BR48,98350
B42,98842
PL78,98102
PLVD26,98104
GN44,98744
PL80,98106
B44,98844
PL82,98108
WGN4,91394
PL84,98110
PL86,98112
BRVD4,98352
B46,98846
PL88,98114
PL90,98116
GN46,98746
PL92,98118
BR50,98354
B48,98848
PL94,98120
V36,98542
PL96,98122
PLVD28,98124
GN48,98748
BR52,98356
B50,98850
PL98,98126
PL100,98128
GN50,98750
PLVD30,98130
PL102,98132
PL104,98134
V38,98544
B52,98852
PL106,98136
PLVD32,98138
V40,98546
PL108,98140
GN52,98752
PL110,98142
PL112,98144
VVD8,98548
B54,98854
PL114,98146
BR54,98358
GN54,98754
V42,98550
PL116,98148
PL118,98150
VVD10,98552
B56,98856
BR56,98360
PL120,98152
VVD12,98554
GN56,98756
PL122,98154
V44,98556
BR58,98362
PL124,98156
B58,98858
VVD14,98558
PL126,98158
GN58,98758
PL128,98160
V46,98560
B60,98860
PLVD34,98162
BR60,98364
PL130,98164
V48,98562
GN60,98760
PL132,98166
V50,98564
PLVD36,98168
B62,98862
PL134,98170
BR62,98366
GN62,98762
PL136,98172
V52,98566
BR64,98368
B64,98864
PLVD38,98174
PL138,98176
GN64,98764
V54,98568
BR66,98370
GNPL10,98910
PL140,98178
B66,98866
PL142,98180
GN66,98766
PLVD40,98182
V56,98570
BR68,98372
B68,98868
PL144,98184
GNPL12,98912
PL146,98186
V58,98572
PLVD42,98188
GN68,98768
PL148,98190
GN70,98770
BRVD6,98374
PL150,98192
B70,98870
PL152,98194
GNPL14,98914
WGN6,91396
PL154,98196
GN72,98772
V60,98574
PL156,98198
B72,98872
BRVD8,98376
PL158,98200
GNPL16,98916
PL160,98202
V62,98576
BRVD10,98378
GN74,98774
PL162,98204
B74,98874
BR70,98380
V64,98578
PL164,98206
GN76,98776
PLVD44,98208
PL166,98210
PL168,98212
BR72,98382
B76,98876
PL170,98214
GN7,98778
PL172,98216
BR74,98384
GNPL18,98918
PL174,98218
B78,98878
PL176,98220
GN80,98780
PL178,98222
PL180,98224
B80,98880
PL182,98226
GN82,98782
PL184,98228
B82,98882
PL186,98230
GN84,98784
PL188,98232
PL190,98234
B84,98884
PL192,98236
GN86,98786
PL194,98238
VPL2,98240
B86,98886
PL196,98242
GN88,98788
PL198,98244
BRPL2,98246
VPL4,98248
PLVD46,98250
BRPL4,98252
BR1,98301
PL1,98001
B1,98801
PL3,98003
BRVD1,98303
B3,98803
PL5,98005
GN1,98701
PL7,98007
PLVD1,98009
PL9,98011
GN3,98703
PLVD3,98021
PL19,98023
GN9,98709
PL21,98025
PL23,98027
B7,98807
PL25,98029
GN11,98711
PL27,98031
PL29,98033
GN13,98713
PLVD5,98035
BR3,98305
B9,98809
PL31,98037
PLGN1,98901
BR5,98307
B11,98811
PL33,98039
PL35,98041
GN15,98715
PL37,98043
V1,98501
PL39,98045
PLVD7,98047
B13,98813
PL41,98049
BR7,98309
VVD1,98503
GN17,98717
PL43,98051
PLGN3,98903
BR9,98311
B15,98815
PL45,98053
PL47,98055
GN19,98719
BRVD3,98313
PL49,98057
V3,98505
B17,98817
PLVD9,98059
BR11,98315
PL51,98061
PLGN5,98905
B19,98819
PL53,98063
CM1,98605
GN21,98721
V5,98507
PLVD11,98065
B21,98821
PL55,98067
BR13,98317
GN23,98723
PL57,98069
V7,98509
B23,98823
PL59,98071
V9,98511
GN25,98725
BRVD5,98319
PL61,98073
V11,98513
BR15,98321
PLVD13,98075
B25,98825
PL63,98077
V13,98515
PL65,98079
GN27,98727
BR17,98323
PL67,98081
B27,98827
PL69,98083
B29,98829
BRVD7,98327
PL75,98091
V19,98521
GN31,98731
PL77,98093
BR21,98329
B31,98831
PL79,98095
V21,98523
GN33,98733
BRVD9,98331
PL81,98097
V23,98525
PLGN7,98907
PL83,98099
BR23,98333
B33,98833
PL85,98101
GN35,98735
PL87,98103
PL89,98105
B35,98835
PLVD17,98107
PL91,98109
GN37,98737
PL93,98111
B37,98837
BR25,98335
PL95,98113
PLVD19,98115
WGN1,91393
BR27,98337
B39,98839
PL97,98117
V25,98527
GN39,98739
PLVD21,98119
PL99,98121
BR29,98339
B41,98841
PL101,98123
PL103,98125
GN41,98741
PL105,98127
V27,98529
B43,98843
PLVD23,98129
PL107,98131
GN43,98743
PL109,98133
B45,98845
PL111,98135
GN45,98745
PL113,98137
B47,98847
BRVD11,98341
PL115,98139
WGN3,91395
PL117,98141
PL119,98143
GN47,98747
PL121,98145
BR31,98343
B49,98849
PLVD25,98147
PL123,98149
BR33,98345
PL125,98151
GN49,98749
PL127,98153
PL129,98155
B51,98851
VVD3,98531
PL131,98157
PL133,98159
GN51,98751
PLVD27,98161
V29,98533
PL135,98163
B53,98853
PL137,98165
V31,98535
GN53,98753
PLVD29,98167
PL139,98169
BR35,98347
B55,98855
PL141,98171
BR37,98349
GN55,98755
PLVD31,98173
V33,98537
PL143,98175
B57,98857
PLVD33,98177
BR39,98351
V35,98539
PL145,98179
PLVD35,98181
GN57,98757
BR41,98353
PL147,98183
PLGN9,98909
V37,98541
B59,98859
PL149,98185
PLVD37,98187
GN59,98759
V39,98543
PL151,98189
PLGN11,98911
B61,98861
V41,98545
PL153,98191
BR43,98355
GN61,98761
PL155,98193
PL157,98195
V43,98547
PLGN13,98913
B63,98863
PLVD39,98197
PL159,98199
PL161,98201
GN63,98763
BRVD13,98357
PL163,98203
B65,98865
V45,98549
GN65,98765
PL165,98205
BR45,98359
PL167,98207
PLVD41,98209
GN67,98767
BR47,98361
PL169,98211
PLGN15,98915
B67,98867
V47,98551
PL171,98213
BR49,98363
GN69,98769
PLVD43,98215
V49,98553
PL173,98217
BR51,98365
B69,98869
PLVD45,98219
PL175,98221
V51,98555
GN71,98771
PL177,98223
B71,98871
PLGN17,98917
BR53,98367
PL179,98225
PLVD47,98227
GN73,98773
V53,98557
WBO1,91491
PL181,98229
PLVD49,98231
B73,98873
PL183,98233
V55,98559
GN75,98775
PL185,98235
BR55,98369
B75,98875
PLVD51,98237
V57,98561
PL187,98239
GN77,98777
BR57,98371
PL189,98241
B77,98877
V59,98563
PL191,98243
BR59,98373
GN79,98779
PL193,98245
B79,98879
V61,98565
PL195,98247
GN81,98781
V63,98567
PL197,98249
B81,98881
V65,98569
PL199,98251
GN83,98783
PL201,98253
B83,98883
PL203,98255
V67,98571
GN85,98785
PL205,98257
B85,98885
V69,98573
GN87,98787
PL207,98259
V71,98575
TPL2,99002
TPL4,99004
TV2,99402
TPL6,99006
TV4,99404
TV6,99406
TPL8,99008
TNU2,99202
TV8,99408
TPL10,99010
TV10,99410
TPL12,99012
TNU4,99204
TV12,99412
TPL14,99014
TNU6,99206
TV14,99414
TPL16,99016
TV16,99416
TNU8,99208
TPL18,99018
TV18,99418
TNU10,99210
TPL20,99020
TV34,99434
TPL28,99028
TV36,99436
TNU24,99224
TV38,99438
TPL30,99030
TV40,99440
TPL32,99032
TNU16,99216
TV28,99428
TNU18,99218
TV30,99430
TNU20,99220
TPL,99026
TV32,99432
TNU22,99222
TV50,99450
TPL34,99034
TV52,99452
TNU32,99232
TNU34,99234
TV54,99454
TPL36,99036
TV56,99456
TV42,99442
TNU26,99226
TV44,99444
TV46,99446
TNU28,99228
TV48,99448
TNU30,99230
TV64,99464
TV66,99466
TPL42,99042
TV68,99468
TNU42,99242
TPL44,99044
TV70,99470
TNU44,99244
TNU36,99236
TV58,99458
TNU38,99238
TPL38,99038
TV60,99460
TPL40,99040
TV62,99462
TNU40,99240
TV80,99480
TV82,99482
TPL52,99052
TNU48,99248
TV84,99484
TNU50,99250
TPL54,99054
TV86,99486
TPL46,99046
TV72,99472
TV74,99474
TPL48,99048
TV76,99476
TPL50,99050
TV78,99478
TNU46,99246
TV94,99494
TPL60,99060
TNU58,99258
TPL62,99062
TV96,99496
TPL64,99064
TV98,99498
TNU60,99260
TNU52,99252
TPL56,99056
TV88,99488
TPL58,99058
TV90,99490
TNU54,99254
TV92,99492
TNU56,99256
TPL68,99068
TV108,99508
TV110,99510
TPL70,99070
TV112,99512
TNU68,99268
TV100,99500
TNU62,99262
TV102,99502
TPL66,99066
TV104,99504
TNU64,99264
TV106,99506
TNU66,99266
TV114,99514
TPL72,99072
TV116,99516
TV118,99518
TV120,99520
TPL74,99074
TPL1,99001
TPL3,99003
TV1,99401
TNU1,99201
TV3,99403
TV5,99405
TPL5,99005
TNU3,99203
TV7,99407
TNU5,99205
TV9,99409
TPL7,99007
TV11,99411
TNU7,99207
TV13,99413
TNU9,99209
TV15,99415
TPL9,99009
TV17,99417
TNU11,99211
TV19,99419
TNU13,99213
TV21,99421
TPL11,99011
TNU15,99215
TV23,99423
TNU17,99217
TPL13,99013
TNU19,99219
TV27,99427
TPL15,99015
TNU21,99221
TV29,99429
TPL17,99017
TV31,99431
TNU23,99223
TV33,99433
TV35,99435
TPL19,99019
TV37,99437
TNU25,99225
TV39,99439
TPL21,99021
TV41,99441
TNU27,99227
TV43,99443
TNU29,99229
TV45,99445
TPL23,99023
TV47,99447
TNU31,99231
TV49,99449
TNU33,99233
TV51,99451
TPL25,99025
TV53,99453
TNU35,99235
TPL27,99027
TV55,99455
TNU37,99237
TV57,99457
TPL29,99029
TNU39,99239
TV59,99459
TPL31,99031
TV61,99461
TPL33,99033
TV63,99463
TNU41,99241
TPL35,99035
TV65,99465
TNU43,99243
TV67,99467
TV69,99469
TPL37,99037
TV71,99471
TV73,99473
TPL39,99039
TNU45,99245
TV75,99475
TPL41,99041
TV77,99477
TNU47,99247
TV79,99479
TNU49,99249
TPL43,99043
TV81,99481
TNU51,99251
TV83,99483
TPL45,99045
TV85,99485
TPL47,99047
TNU53,99253
TV87,99487
TNU55,99255
TPL49,99049
TV89,99489
TNU57,99257
TV91,99491
TPL51,99051
TV93,99493
TNU59,99259
TV95,99495
TNU61,99261
TPL53,99053
TV97,99497
TPL55,99055
TV99,99499
TPL57,99057
TNU63,99263
TV101,99501
TNU65,99265
TV103,99503
TPL59,99059
TV105,99505
TPL61,99061
TV107,99507
TNU67,99267
TPL63,99063
TV109,99509
TPL65,99065
TV111,99511
TPL67,99067
TV113,99513
TV115,99515
TPL69,99069
TV117,99517
TPL71,99071
TPL73,99073
TV119,99519
UBR1,99701
UBR3,99703
UBR5,99705
UBR7,99707
UBR9,99709
UBR11,99711
UBR13,99713
UBR15,99715
UBR17,99717
UBR19,99719
UNU1,99601
UNU3,99603
UNU5,99605
UNU7,99607
UNU9,99609
UNU11,99611
UNU13,99613
UNU15,99615
UNU17,99617
UNU19,99619
UBR2,99702
UBR4,99704
UBR6,99706
UBR8,99708
UBR10,99710
UBR12,99712
UBR14,99714
UBR16,99716
UBR18,99718
UBR20,99720
UNU2,99602
UNU4,99604
UNU6,99606
UNU8,99608
UNU10,99610
UNU12,99612
UNU14,99614
UNU16,99616
UNU18,99618
UNU20,99620
PL11,98013
PL13,98015
PL15,98017
GN5,98705
GN7,98707
PL17,98019
B5,98805
PL71,98085
PLVD15,98087
SKP2,96002
KP2,95002
SKP4,96004
KP4,95004
SKP6,96006
KP6,95006
SKP8,96008
SKP10,96010
SKP12,96012
KP8,95008
SKP14,96014
KP10,95010
KP12,95012
SKP16,96016
SKP18,96018
KP14,96020
SKP20,96022
SKP1,96001
KP1,95001
SKP3,96003
KP3,95003
SKP5,96005
SKP7,96007
SKP9,96009
KP5,95005
SKP11,96011
KP7,95007
KP9,95009
SKP13,96013
SKP15,96015
KP11,95011
KP13,95013
KP15,96019
KP17,95015
TPL24,99024
TPL22,99022
V15,98517
V17,98519
TNU12,99212
TNU14,99214
TV22,99422
TV24,99424
TV26,99426
GN29,98729
BR19,98325
PL73,98089
TV20,99420
TV25,99425
TPL26,99026
PK10,97038
T50,97342
BL14,96210