Train,TrainCode,Type,Route,Direction,FromExpected,ToExpected,Notes
A1,96301,1,SE,DN,CSMT,ABH,
C1,97601,1,MAIN,DN,CSMT,CLA,
N1,96401,1,NE,DN,CSMT,KSRA,
S1,96101,1,SE,DN,CSMT,KJT,
T1,97301,1,MAIN,DN,CSMT,TNA,
TS1,96103,1,SE,DN,TNA,KJT,
TK1,97001,1,MAIN,DN,TNA,KYN,
CTL1,96601,1,NE,DN,CSMT,TLA,
N3,96403,1,NE,DN,CSMT,KSRA,
TDL1,97201,1,MAIN,DN,CSMT,DI,
KP1,95001,2,SE,DN,CSMT,KHPI,
CT1,97303,1,MAIN,DN,CSMT,TNA,
TS3,96105,1,SE,DN,TNA,KJT,
TTL1,96603,1,NE,DN,TNA,TLA,
S3,96107,1,SE,DN,CSMT,KJT,
TAN1,96503,1,NE,DN,TNA,ASO,
CBL1,96201,1,SE,DN,VVH,BUD,
K1,97003,1,MAIN,DN,CSMT,KYN,
CK1,97005,1,MAIN,DN,CLA,KYN,
N5,96405,1,NE,DN,CSMT,KSRA,
AN1,96505,1,NE,DN,CSMT,ASO,
A3,96303,1,SE,DN,CSMT,ABH,
K3,95701,2,MAIN,DN,CSMT,KYN,
TK3,97007,1,MAIN,DN,TNA,KYN,
TL1,96605,1,NE,DN,CSMT,TLA,
CK3,97009,1,MAIN,DN,CLA,KYN,
A5,96305,1,SE,DN,CSMT,ABH,
S5,95101,2,SE,DN,CSMT,KJT,
CK5,97011,1,MAIN,DN,CLA,KYN,
TL3,96607,1,NE,DN,CSMT,TLA,
CK7,97013,1,MAIN,DN,CLA,KYN,
AN3,96507,1,NE,DN,CSMT,ASO,
K5,95703,2,MAIN,DN,CSMT,KYN,
S7,95103,2,SE,DN,CSMT,KJT,
CK9,97015,1,MAIN,DN,CLA,KYN,
PK1,97017,1,MAIN,DN,PR,KYN,
TL5,96609,1,NE,DN,CSMT,TLA,
CA1,96307,1,SE,DN,CLA,ABH,
DL1,97203,1,MAIN,DN,CSMT,DI,
BL1,95201,2,SE,DN,CSMT,BUD,
PK3,97019,1,MAIN,DN,PR,KYN,
TL7,96611,1,NE,DN,CSMT,TLA,
CDL1,97205,1,MAIN,DN,CLA,DI,
KAN1,96501,1,NE,DN,KYN,ASO,
KAN3,96509,1,NE,DN,KYN,ASO,
K7,97021,1,MAIN,DN,CSMT,KYN,
T3,97305,1,MAIN,DN,CSMT,TNA,
A7,96309,1,SE,DN,CSMT,ABH,
S9,95105,2,SE,DN,CSMT,KJT,
CK11,97023,1,MAIN,DN,CLA,KYN,
N7,95401,2,NE,DN,CSMT,KSRA,
TL9,96613,1,NE,DN,CSMT,TLA,
T5,97307,1,MAIN,DN,CSMT,TNA,
BL3,95203,2,SE,DN,CSMT,BUD,
K9,97025,1,MAIN,DN,CSMT,KYN,
T7,97309,1,MAIN,DN,CSMT,TNA,
DL3,97207,1,MAIN,DN,CSMT,DI,
K11,95705,2,MAIN,DN,CSMT,KYN,
K13,97027,1,MAIN,DN,CSMT,KYN,
AN5,95501,2,NE,DN,CSMT,ASO,
T9,97311,1,MAIN,DN,CSMT,TNA,
KP3,95003,2,SE,DN,CSMT,KHPI,
K15,97029,1,MAIN,DN,CSMT,KYN,
DL5,97209,1,MAIN,DN,CSMT,DI,
AN7,96511,1,NE,DN,CSMT,ASO,
K17,95707,2,MAIN,DN,CSMT,KYN,
T11,97313,1,MAIN,DN,CSMT,TNA,
BL5,95205,2,SE,DN,CSMT,BUD,
PK5,97031,1,MAIN,DN,PR,KYN,
K19,97033,1,MAIN,DN,CSMT,KYN,
T13,97315,1,MAIN,DN,CSMT,TNA,
T15,95901,2,MAIN,DN,CSMT,TNA,
TTL3,96615,1,NE,DN,TNA,TLA,
PK7,97035,1,MAIN,DN,PR,KYN,
T17,97317,1,MAIN,DN,CSMT,TNA,
K21,97037,1,MAIN,DN,CSMT,KYN,
S11,95107,2,SE,DN,CSMT,KJT,
T19,97319,1,MAIN,DN,CSMT,TNA,
DL7,97211,1,MAIN,DN,CSMT,DI,
TTL5,96617,1,NE,DN,TNA,TLA,
PT1,97321,1,MAIN,DN,PR,TNA,
DA1,95301,2,SE,DN,DR,ABH,
T21,97323,1,MAIN,DN,CSMT,TNA,
C3,97603,1,MAIN,DN,CSMT,CLA,
N9,95403,2,NE,DN,CSMT,KSRA,
K23,95709,2,MAIN,DN,CSMT,KYN,
CK13,97039,1,MAIN,DN,CLA,KYN,
G1,97501,1,MAIN,DN,CSMT,GC,
C5,97605,1,MAIN,DN,CSMT,CLA,
A9,95303,2,SE,DN,CSMT,ABH,
T23,97325,1,MAIN,DN,CSMT,TNA,
T25,95903,2,MAIN,DN,CSMT,TNA,
K25,97041,1,MAIN,DN,CSMT,KYN,
BL7,95207,2,SE,DN,CSMT,BUD,
C7,97607,1,MAIN,DN,CSMT,CLA,
K27,95711,2,MAIN,DN,CSMT,KYN,
S13,95109,2,SE,DN,CSMT,KJT,
PT3,97327,1,MAIN,DN,PR,TNA,
T27,97329,1,MAIN,DN,CSMT,TNA,
T29,95905,2,MAIN,DN,CSMT,TNA,
K29,97043,1,MAIN,DN,CSMT,KYN,
BL9,95209,2,SE,DN,CSMT,BUD,
G3,97503,1,MAIN,DN,CSMT,GC,
C9,97609,1,MAIN,DN,CSMT,CLA,
TL11,95601,2,NE,DN,CSMT,TLA,
A11,95305,2,SE,DN,CSMT,ABH,
TK5,97045,1,MAIN,DN,TNA,KYN,
DL9,97213,1,MAIN,DN,CSMT,DI,
T31,97331,1,MAIN,DN,CSMT,TNA,
AN9,95503,2,NE,DN,CSMT,ASO,
BL11,95211,2,SE,DN,CSMT,BUD,
C11,97611,1,MAIN,DN,CSMT,CLA,
K31,97047,1,MAIN,DN,CSMT,KYN,
TL13,95603,2,NE,DN,CSMT,TLA,
S15,95111,2,SE,DN,CSMT,KJT,
T33,97333,1,MAIN,DN,CSMT,TNA,
PDL1,97215,1,MAIN,DN,PR,DI,
K33,97049,1,MAIN,DN,CSMT,KYN,
N11,95405,2,NE,DN,CSMT,KSRA,
K35,97051,1,MAIN,DN,CSMT,KYN,
TL15,95605,2,NE,DN,CSMT,TLA,
T35,97335,1,MAIN,DN,CSMT,TNA,
T37,95907,2,MAIN,DN,CSMT,TNA,
C13,97613,1,MAIN,DN,CSMT,CLA,
BL13,95213,2,SE,DN,CSMT,BUD,
T39,97337,1,MAIN,DN,CSMT,TNA,
A13,95307,2,SE,DN,CSMT,ABH,
TL17,96619,1,NE,DN,CSMT,TLA,
G5,97505,1,MAIN,DN,CSMT,GC,
S17,95113,2,SE,DN,CSMT,KJT,
C15,97615,1,MAIN,DN,CSMT,CLA,
K37,95713,2,MAIN,DN,CSMT,KYN,
K39,97053,1,MAIN,DN,CSMT,KYN,
BL15,95215,2,SE,DN,CSMT,BUD,
T41,97339,1,MAIN,DN,CSMT,TNA,
A15,95309,2,SE,DN,CSMT,ABH,
K41,97055,1,MAIN,DN,CSMT,KYN,
N13,95407,2,NE,DN,CSMT,KSRA,
T43,97341,1,MAIN,DN,CSMT,TNA,
BL17,95217,2,SE,DN,CSMT,BUD,
DL11,97217,1,MAIN,DN,CSMT,DI,
A17,95311,2,SE,DN,CSMT,ABH,
PK9,97057,1,MAIN,DN,PR,KYN,
DK1,95715,2,MAIN,DN,DR,KYN,
T45,97343,1,MAIN,DN,CSMT,TNA,
C17,97617,1,MAIN,DN,CSMT,CLA,
DL13,97219,1,MAIN,DN,CSMT,DI,
S19,95115,2,SE,DN,CSMT,KJT,
T47,97345,1,MAIN,DN,CSMT,TNA,
BL19,95219,2,SE,DN,CSMT,BUD,
C19,97619,1,MAIN,DN,CSMT,CLA,
K43,97059,1,MAIN,DN,CSMT,KYN,
TL19,95607,2,NE,DN,CSMT,TLA,
T49,97347,1,MAIN,DN,CSMT,TNA,
A19,95313,2,SE,DN,CSMT,ABH,
DBL1,95221,2,SE,DN,DR,BUD,
TAN3,96513,1,NE,DN,TNA,ASO,
PK11,97061,1,MAIN,DN,PR,KYN,
T51,97349,1,MAIN,DN,CSMT,TNA,
TL21,95609,2,NE,DN,CSMT,TLA,
C21,97621,1,MAIN,DN,CSMT,CLA,
TL23,96621,1,NE,DN,CSMT,TLA,
T53,97351,1,MAIN,DN,CSMT,TNA,
C23,97623,1,MAIN,DN,CSMT,CLA,
S21,95117,2,SE,DN,CSMT,KJT,
TS5,96109,1,SE,DN,TNA,KJT,
T55,97353,1,MAIN,DN,CSMT,TNA,
A21,95315,2,SE,DN,CSMT,ABH,
K45,97063,1,MAIN,DN,CSMT,KYN,
TL25,96623,1,NE,DN,CSMT,TLA,
PK13,97065,1,MAIN,DN,PR,KYN,
DL15,97221,1,MAIN,DN,CSMT,DI,
CK15,97067,1,MAIN,DN,CLA,KYN,
DL17,95801,2,MAIN,DN,CSMT,DI,
T57,97355,1,MAIN,DN,CSMT,TNA,
A23,96311,1,SE,DN,CSMT,ABH,
N15,95409,2,NE,DN,CSMT,KSRA,
T59,97357,1,MAIN,DN,CSMT,TNA,
BL21,95223,2,SE,DN,CSMT,BUD,
K47,97069,1,MAIN,DN,CSMT,KYN,
TL27,96625,1,NE,DN,CSMT,TLA,
A25,96313,1,SE,DN,CSMT,ABH,
PDL3,97223,1,MAIN,DN,PR,DI,
K49,97071,1,MAIN,DN,CSMT,KYN,
DBL3,95225,2,SE,DN,DR,BUD,
TBL1,96203,1,SE,DN,TNA,BUD,
K51,97073,1,MAIN,DN,CSMT,KYN,
PDL5,97225,1,MAIN,DN,PR,DI,
KP5,95005,2,SE,DN,CSMT,KHPI,
T61,97359,1,MAIN,DN,CSMT,TNA,
K53,95717,2,MAIN,DN,CSMT,KYN,
K55,97075,1,MAIN,DN,CSMT,KYN,
N17,95411,2,NE,DN,CSMT,KSRA,
K57,97077,1,MAIN,DN,CSMT,KYN,
DL19,97227,1,MAIN,DN,CSMT,DI,
TL29,96627,1,NE,DN,CSMT,TLA,
A27,96315,1,SE,DN,CSMT,ABH,
K59,97079,1,MAIN,DN,CSMT,KYN,
PK15,97081,1,MAIN,DN,PR,KYN,
K61,95719,2,MAIN,DN,CSMT,KYN,
DA3,95317,2,SE,DN,DR,ABH,
T63,97361,1,MAIN,DN,CSMT,TNA,
K63,97083,1,MAIN,DN,CSMT,KYN,
TTL7,96629,1,NE,DN,TNA,TLA,
T65,97363,1,MAIN,DN,CSMT,TNA,
N19,96407,1,NE,DN,CSMT,KSRA,
AN11,95505,2,NE,DN,CSMT,ASO,
A29,96317,1,SE,DN,CSMT,ABH,
S23,95119,2,SE,DN,CSMT,KJT,
BL23,95227,2,SE,DN,CSMT,BUD,
PDL7,97229,1,MAIN,DN,PR,DI,
K65,97085,1,MAIN,DN,CSMT,KYN,
AN13,96515,1,NE,DN,CSMT,ASO,
T67,97365,1,MAIN,DN,CSMT,TNA,
S25,95121,2,SE,DN,CSMT,KJT,
TK7,97087,1,MAIN,DN,TNA,KYN,
TL31,96631,1,NE,DN,CSMT,TLA,
K67,97089,1,MAIN,DN,CSMT,KYN,
BL25,95229,2,SE,DN,CSMT,BUD,
BL27,96205,1,SE,DN,CSMT,BUD,
DL21,97231,1,MAIN,DN,CSMT,DI,
T69,97367,1,MAIN,DN,CSMT,TNA,
DT1,95909,2,MAIN,DN,CSMT,TNA,
CK17,97091,1,MAIN,DN,CLA,KYN,
TL33,96633,1,NE,DN,CSMT,TLA,
K69,97093,1,MAIN,DN,CSMT,KYN,
BL29,96207,1,SE,DN,CSMT,BUD,
N21,95413,2,NE,DN,CSMT,KSRA,
K71,97095,1,MAIN,DN,CSMT,KYN,
K73,97097,1,MAIN,DN,CSMT,KYN,
T71,97369,1,MAIN,DN,CSMT,TNA,
A31,96319,1,SE,DN,CSMT,ABH,
K75,97099,1,MAIN,DN,CSMT,KYN,
AN15,95507,2,NE,DN,CSMT,ASO,
S27,95123,2,SE,DN,CSMT,KJT,
PK17,97101,1,MAIN,DN,PR,KYN,
N23,96409,1,NE,DN,CSMT,KSRA,
A33,96321,1,SE,DN,CSMT,ABH,
K77,97103,1,MAIN,DN,CSMT,KYN,
T73,97371,1,MAIN,DN,CSMT,TNA,
BL31,95231,2,SE,DN,CSMT,BUD,
TBL3,96209,1,SE,DN,TNA,BUD,
PK19,97105,1,MAIN,DN,PR,KYN,
TL35,96635,1,NE,DN,CSMT,TLA,
KP7,95007,2,SE,DN,CSMT,KHPI,
DL23,97233,1,MAIN,DN,CSMT,DI,
K79,95721,2,MAIN,DN,CSMT,KYN,
DTL1,95611,2,NE,DN,DR,TLA,
K81,97107,1,MAIN,DN,CSMT,KYN,
DL25,97235,1,MAIN,DN,CSMT,DI,
T75,97373,1,MAIN,DN,CSMT,TNA,
AN17,96517,1,NE,DN,CSMT,ASO,
S29,95125,2,SE,DN,CSMT,KJT,
PK21,97109,1,MAIN,DN,PR,KYN,
BL33,95233,2,SE,DN,CSMT,BUD,
TL37,96637,1,NE,DN,CSMT,TLA,
DL27,97237,1,MAIN,DN,CSMT,DI,
KW1,97111,1,MAIN,DN,CSMT,KYN,
PT5,97375,1,MAIN,DN,PR,TNA,
TA1,96323,1,SE,DN,CSMT,ABH,
K83,97113,1,MAIN,DN,CSMT,KYN,
DL29,97239,1,MAIN,DN,CSMT,DI,
A35,95319,2,SE,DN,CSMT,ABH,
K85,97115,1,MAIN,DN,CSMT,KYN,
T77,97377,1,MAIN,DN,CSMT,TNA,
K87,95723,2,MAIN,DN,CSMT,KYN,
A37,96325,1,SE,DN,CSMT,ABH,
AN19,95509,2,NE,DN,CSMT,ASO,
T79,97379,1,MAIN,DN,CSMT,TNA,
TL39,96639,1,NE,DN,CSMT,TLA,
S31,95127,2,SE,DN,CSMT,KJT,
CK19,97117,1,MAIN,DN,CLA,KYN,
TK9,97119,1,MAIN,DN,TNA,KYN,
T81,97381,1,MAIN,DN,CSMT,TNA,
DL31,97241,1,MAIN,DN,CSMT,DI,
T83,97383,1,MAIN,DN,CSMT,TNA,
C25,97625,1,MAIN,DN,CSMT,CLA,
CK21,97121,1,MAIN,DN,CLA,KYN,
BL35,95235,2,SE,DN,CSMT,BUD,
K89,97123,1,MAIN,DN,CSMT,KYN,
N25,95415,2,NE,DN,CSMT,KSRA,
T85,97385,1,MAIN,DN,CSMT,TNA,
A39,95321,2,SE,DN,CSMT,ABH,
TS7,96111,1,SE,DN,TNA,KJT,
PDL9,97243,1,MAIN,DN,PR,DI,
CK23,97125,1,MAIN,DN,CLA,KYN,
K91,97127,1,MAIN,DN,CSMT,KYN,
T87,97387,1,MAIN,DN,CSMT,TNA,
DL33,97245,1,MAIN,DN,CSMT,DI,
T89,97389,1,MAIN,DN,CSMT,TNA,
DK3,95725,2,MAIN,DN,DR,KYN,
K93,97129,1,MAIN,DN,CSMT,KYN,
AN21,95511,2,NE,DN,CSMT,ASO,
BL37,95237,2,SE,DN,CSMT,BUD,
PK23,97131,1,MAIN,DN,PR,KYN,
T91,97391,1,MAIN,DN,CSMT,TNA,
K95,95727,2,MAIN,DN,CSMT,KYN,
C27,97627,1,MAIN,DN,CSMT,CLA,
CK25,97133,1,MAIN,DN,CLA,KYN,
TL41,95613,2,NE,DN,CSMT,TLA,
T93,97393,1,MAIN,DN,CSMT,TNA,
KP9,95009,2,SE,DN,CSMT,KHPI,
K97,97135,1,MAIN,DN,CSMT,KYN,
DL35,95803,2,MAIN,DN,CSMT,DI,
A41,95323,2,SE,DN,CSMT,ABH,
PDL11,97247,1,MAIN,DN,PR,DI,
C29,97629,1,MAIN,DN,CSMT,CLA,
AN23,95513,2,NE,DN,CSMT,ASO,
DK5,95729,2,MAIN,DN,DR,KYN,
CK27,97137,1,MAIN,DN,CLA,KYN,
T95,97395,1,MAIN,DN,CSMT,TNA,
K99,97139,1,MAIN,DN,CSMT,KYN,
TL43,95615,2,NE,DN,CSMT,TLA,
TBL5,96211,1,SE,DN,TNA,BUD,
DL37,97249,1,MAIN,DN,CSMT,DI,
BL39,95239,2,SE,DN,CSMT,BUD,
K101,95731,2,MAIN,DN,CSMT,KYN,
PK25,97141,1,MAIN,DN,PR,KYN,
T97,97397,1,MAIN,DN,CSMT,TNA,
A43,95325,2,SE,DN,CSMT,ABH,
K103,97143,1,MAIN,DN,CSMT,KYN,
T99,95911,2,MAIN,DN,CSMT,TNA,
K105,97145,1,MAIN,DN,CSMT,KYN,
DL39,97251,1,MAIN,DN,CSMT,DI,
S33,95129,2,SE,DN,CSMT,KJT,
C31,97631,1,MAIN,DN,CSMT,CLA,
A45,95327,2,SE,DN,CSMT,ABH,
TK11,97147,1,MAIN,DN,TNA,KYN,
T101,97399,1,MAIN,DN,CSMT,TNA,
PK27,97149,1,MAIN,DN,PR,KYN,
N27,95417,2,NE,DN,CSMT,KSRA,
AN25,95515,2,NE,DN,CSMT,ASO,
A47,96327,1,SE,DN,CSMT,ABH,
K107,95733,2,MAIN,DN,CSMT,KYN,
T103,97401,1,MAIN,DN,CSMT,TNA,
TL45,95617,2,NE,DN,CSMT,TLA,
DL41,97253,1,MAIN,DN,CSMT,DI,
BL41,95241,2,SE,DN,CSMT,BUD,
T105,97403,1,MAIN,DN,CSMT,TNA,
K109,95735,2,MAIN,DN,CSMT,KYN,
C33,97633,1,MAIN,DN,CSMT,CLA,
S35,95131,2,SE,DN,CSMT,KJT,
TL47,95619,2,NE,DN,CSMT,TLA,
DK7,95737,2,MAIN,DN,DR,KYN,
TBL7,96213,1,SE,DN,TNA,BUD,
PK29,97151,1,MAIN,DN,PR,KYN,
T107,97405,1,MAIN,DN,CSMT,TNA,
T109,95913,2,MAIN,DN,CSMT,TNA,
K111,97153,1,MAIN,DN,CSMT,KYN,
DL43,97255,1,MAIN,DN,CSMT,DI,
TS9,96113,1,SE,DN,TNA,KJT,
PT7,97407,1,MAIN,DN,PR,TNA,
BL43,95243,2,SE,DN,CSMT,BUD,
K113,97155,1,MAIN,DN,CSMT,KYN,
N29,95419,2,NE,DN,CSMT,KSRA,
K115,97157,1,MAIN,DN,CSMT,KYN,
T111,97409,1,MAIN,DN,CSMT,TNA,
BL45,95245,2,SE,DN,CSMT,BUD,
DA5,95329,2,SE,DN,DR,ABH,
K117,95739,2,MAIN,DN,CSMT,KYN,
TL49,95621,2,NE,DN,CSMT,TLA,
CK29,97159,1,MAIN,DN,CLA,KYN,
PDL13,97257,1,MAIN,DN,PR,DI,
TA3,96329,1,SE,DN,CSMT,ABH,
BL47,96215,1,SE,DN,CSMT,BUD,
K119,97161,1,MAIN,DN,CSMT,KYN,
A49,95331,2,SE,DN,CSMT,ABH,
PT9,97411,1,MAIN,DN,PR,TNA,
T113,97413,1,MAIN,DN,CSMT,TNA,
TL51,95623,2,NE,DN,CSMT,TLA,
S37,95133,2,SE,DN,CSMT,KJT,
BL49,96217,1,SE,DN,CSMT,BUD,
T115,97415,1,MAIN,DN,CSMT,TNA,
AN27,95517,2,NE,DN,CSMT,ASO,
K121,97163,1,MAIN,DN,CSMT,KYN,
TL53,96641,1,NE,DN,CSMT,TLA,
T117,97417,1,MAIN,DN,CSMT,TNA,
A51,96331,1,SE,DN,CSMT,ABH,
PK31,97165,1,MAIN,DN,PR,KYN,
DL45,97259,1,MAIN,DN,CSMT,DI,
K123,97167,1,MAIN,DN,CSMT,KYN,
DT3,95915,2,MAIN,DN,CSMT,TNA,
TL55,96643,1,NE,DN,CSMT,TLA,
T119,97419,1,MAIN,DN,CSMT,TNA,
TBL9,96219,1,SE,DN,TNA,BUD,
A53,96333,1,SE,DN,CSMT,ABH,
C35,97635,1,MAIN,DN,CSMT,CLA,
PK33,97169,1,MAIN,DN,PR,KYN,
KP11,95011,2,SE,DN,CSMT,KHPI,
N31,95421,2,NE,DN,CSMT,KSRA,
A55,95333,2,SE,DN,CSMT,ABH,
DL47,97261,1,MAIN,DN,CSMT,DI,
T121,97421,1,MAIN,DN,CSMT,TNA,
AN29,96519,1,NE,DN,CSMT,ASO,
K125,97171,1,MAIN,DN,CSMT,KYN,
T123,97423,1,MAIN,DN,CSMT,TNA,
BL51,96221,1,SE,DN,CSMT,BUD,
DL49,97263,1,MAIN,DN,CSMT,DI,
K127,97173,1,MAIN,DN,CSMT,KYN,
TL57,96645,1,NE,DN,CSMT,TLA,
S39,95135,2,SE,DN,CSMT,KJT,
PK35,97175,1,MAIN,DN,PR,KYN,
BL53,96223,1,SE,DN,CSMT,BUD,
N33,96411,1,NE,DN,CSMT,KSRA,
C37,97637,1,MAIN,DN,CSMT,CLA,
A57,96335,1,SE,DN,CSMT,ABH,
K129,95741,2,MAIN,DN,CSMT,KYN,
BL55,96225,1,SE,DN,CSMT,BUD,
PK37,97177,1,MAIN,DN,PR,KYN,
K131,97179,1,MAIN,DN,CSMT,KYN,
CK31,97181,1,MAIN,DN,CLA,KYN,
C39,97639,1,MAIN,DN,CSMT,CLA,
KP13,95013,2,SE,DN,CSMT,KHPI,
TL59,96647,1,NE,DN,CSMT,TLA,
DK9,95743,2,MAIN,DN,DR,KYN,
K133,97183,1,MAIN,DN,CSMT,KYN,
T125,97425,1,MAIN,DN,CSMT,TNA,
K135,97185,1,MAIN,DN,CSMT,KYN,
T127,97427,1,MAIN,DN,CSMT,TNA,
K137,97187,1,MAIN,DN,CSMT,KYN,
BL57,95247,2,SE,DN,CSMT,BUD,
KP15,96019,1,SE,DN,CSMT,KHPI,
C41,97641,1,MAIN,DN,CSMT,CLA,
PA1,96337,1,SE,DN,PR,ABH,
T129,97429,1,MAIN,DN,CSMT,TNA,
BL59,96227,1,SE,DN,CSMT,BUD,
T131,97431,1,MAIN,DN,CSMT,TNA,
N35,95423,2,NE,DN,CSMT,KSRA,
TL61,96649,1,NE,DN,CSMT,TLA,
C43,97643,1,MAIN,DN,CSMT,CLA,
PA3,96339,1,SE,DN,PR,ABH,
T133,97433,1,MAIN,DN,CSMT,TNA,
C45,97645,1,MAIN,DN,CSMT,CLA,
A59,95335,2,SE,DN,CSMT,ABH,
T135,97435,1,MAIN,DN,CSMT,TNA,
TL63,96651,1,NE,DN,CSMT,TLA,
KP17,95015,2,SE,DN,CSMT,KHPI,
C47,97647,1,MAIN,DN,CSMT,CLA,
S41,96115,1,SE,DN,CSMT,KJT,
C49,97649,1,MAIN,DN,CSMT,CLA,
T137,97437,1,MAIN,DN,CSMT,TNA,
TL65,96653,1,NE,DN,CSMT,TLA,
T139,97439,1,MAIN,DN,CSMT,TNA,
BL61,96229,1,SE,DN,CSMT,BUD,
T141,97441,1,MAIN,DN,CSMT,TNA,
C51,97651,1,MAIN,DN,CSMT,CLA,
S2,96102,1,SE,UP,KJT,CSMT,
T2,97302,1,MAIN,UP,TNA,CSMT,
C2,97602,1,MAIN,UP,CLA,CSMT,
T4,97304,1,MAIN,UP,TNA,CSMT,
C4,97604,1,MAIN,UP,CLA,CSMT,
A2,96302,1,SE,UP,ABH,CSMT,
T6,97306,1,MAIN,UP,TNA,CSMT,
TL2,96602,1,NE,UP,TLA,CSMT,
T8,97308,1,MAIN,UP,TNA,CSMT,
A4,96304,1,SE,UP,ABH,CSMT,
T10,95902,2,MAIN,UP,TNA,CSMT,
S4,96104,1,SE,UP,KJT,CSMT,
K2,97002,1,MAIN,UP,KYN,CSMT,
TL4,96604,1,NE,UP,TLA,CSMT,
T12,97310,1,MAIN,UP,TNA,CSMT,
N2,96402,1,NE,UP,KSRA,CSMT,
T14,97312,1,MAIN,UP,TNA,CSMT,
A6,96306,1,SE,UP,ABH,CSMT,
KW2,97004,1,MAIN,UP,KYN,CSMT,
T16,97314,1,MAIN,UP,TNA,CSMT,
S6,96106,1,SE,UP,KJT,CSMT,
S8,95102,2,SE,UP,KJT,CSMT,
TL6,96606,1,NE,UP,TLA,CSMT,
A8,96308,1,SE,UP,ABH,CSMT,
K4,97006,1,MAIN,UP,KYN,CSMT,
K6,97008,1,MAIN,UP,KYN,CSMT,
DL4,95802,2,MAIN,UP,DI,CSMT,
DL2,97202,1,MAIN,UP,DI,CSMT,
KP2,95002,2,SE,UP,KHPI,CSMT,
TL8,96608,1,NE,UP,TLA,CSMT,
T18,97316,1,MAIN,UP,TNA,CSMT,
BL2,96202,1,SE,UP,BUD,CSMT,
K8,97010,1,MAIN,UP,KYN,CSMT,
N4,96404,1,NE,UP,KSRA,CSMT,
K12,95702,2,MAIN,UP,KYN,CSMT,
K10,97012,1,MAIN,UP,KYN,CSMT,
S10,95104,2,SE,UP,KJT,CSMT,
T20,97318,1,MAIN,UP,TNA,CSMT,
A10,96310,1,SE,UP,ABH,CSMT,
TL10,96610,1,NE,UP,TLA,CSMT,
T22,97320,1,MAIN,UP,TNA,CSMT,
BL4,96204,1,SE,UP,BUD,CSMT,
C6,97606,1,MAIN,UP,CLA,CSMT,
K14,97014,1,MAIN,UP,KYN,CSMT,
BL8,95202,2,SE,UP,BUD,CSMT,
PK2,97016,1,MAIN,UP,KYN,PR,
AN2,96502,1,NE,UP,ASO,CSMT,
PK4,97018,1,MAIN,UP,KYN,PR,
N6,95402,2,NE,UP,KSRA,CSMT,
K18,95704,2,MAIN,UP,KYN,CSMT,
S12,95106,2,SE,UP,KJT,CSMT,
TL12,96612,1,NE,UP,TLA,CSMT,
BL6,96206,1,SE,UP,BUD,CSMT,
A12,95302,2,SE,UP,ABH,CSMT,
PK6,97020,1,MAIN,UP,KYN,PR,
KP4,95004,2,SE,UP,KHPI,CSMT,
T24,97322,1,MAIN,UP,TNA,CSMT,
K16,97022,1,MAIN,UP,KYN,CSMT,
TL14,95602,2,NE,UP,TLA,CSMT,
DL6,97204,1,MAIN,UP,DI,CSMT,
DK2,95706,2,MAIN,UP,KYN,DR,
T28,95904,2,MAIN,UP,TNA,CSMT,
K20,97024,1,MAIN,UP,KYN,CSMT,
A14,95304,2,SE,UP,ABH,CSMT,
T26,97324,1,MAIN,UP,TNA,CSMT,
S14,95108,2,SE,UP,KJT,CSMT,
K24,95708,2,MAIN,UP,KYN,CSMT,
K22,97026,1,MAIN,UP,KYN,CSMT,
T32,95906,2,MAIN,UP,TNA,CSMT,
DL8,97206,1,MAIN,UP,DI,CSMT,
A16,95306,2,SE,UP,ABH,CSMT,
AN6,95502,2,NE,UP,ASO,CSMT,
T30,97326,1,MAIN,UP,TNA,CSMT,
S16,95110,2,SE,UP,KJT,CSMT,
AN4,96504,1,NE,UP,ASO,CSMT,
PK8,97028,1,MAIN,UP,KYN,PR,
N8,95404,2,NE,UP,KSRA,CSMT,
DL10,95804,2,MAIN,UP,DI,CSMT,
T34,97328,1,MAIN,UP,TNA,CSMT,
A18,95308,2,SE,UP,ABH,CSMT,
K26,97030,1,MAIN,UP,KYN,CSMT,
K30,95710,2,MAIN,UP,KYN,CSMT,
TL16,96614,1,NE,UP,TLA,CSMT,
BL10,95204,2,SE,UP,BUD,CSMT,
T36,97330,1,MAIN,UP,TNA,CSMT,
K34,95712,2,MAIN,UP,KYN,CSMT,
K28,97032,1,MAIN,UP,KYN,CSMT,
N10,95406,2,NE,UP,KSRA,CSMT,
C8,97608,1,MAIN,UP,CLA,CSMT,
A20,95310,2,SE,UP,ABH,CSMT,
T38,97332,1,MAIN,UP,TNA,CSMT,
TBL2,96208,1,SE,UP,BUD,TNA,
T42,95908,2,MAIN,UP,TNA,CSMT,
K32,97034,1,MAIN,UP,KYN,CSMT,
S18,95112,2,SE,UP,KJT,CSMT,
G2,97502,1,MAIN,UP,GC,CSMT,
PTL2,96616,1,NE,UP,TLA,PR,
K38,95714,2,MAIN,UP,KYN,CSMT,
T40,97334,1,MAIN,UP,TNA,CSMT,
K36,95716,2,MAIN,UP,KYN,CSMT,
DL12,97208,1,MAIN,UP,DI,CSMT,
TK2,97036,1,MAIN,UP,KYN,TNA,
T44,97336,1,MAIN,UP,TNA,CSMT,
A22,95312,2,SE,UP,ABH,CSMT,
C10,97610,1,MAIN,UP,CLA,CSMT,
BL12,95206,2,SE,UP,BUD,CSMT,
T46,97338,1,MAIN,UP,TNA,CSMT,
AN8,95504,2,NE,UP,ASO,CSMT,
TL18,96618,1,NE,UP,TLA,CSMT,
TL20,95604,2,NE,UP,TLA,CSMT,
K40,95718,2,MAIN,UP,KYN,CSMT,
G4,97504,1,MAIN,UP,GC,CSMT,
DL14,97210,1,MAIN,UP,DI,CSMT,
S20,95114,2,SE,UP,KJT,CSMT,
T48,97340,1,MAIN,UP,TNA,CSMT,
C12,97612,1,MAIN,UP,CLA,CSMT,
T52,97344,1,MAIN,UP,TNA,CSMT,
T54,95910,2,MAIN,UP,TNA,CSMT,
N12,95408,2,NE,UP,KSRA,CSMT,
K42,97040,1,MAIN,UP,KYN,CSMT,
TAN2,96506,1,NE,UP,ASO,TNA,
T56,97346,1,MAIN,UP,TNA,CSMT,
DK4,95720,2,MAIN,UP,KYN,DR,
BL16,95208,2,SE,UP,BUD,CSMT,
K46,95722,2,MAIN,UP,KYN,CSMT,
K44,97042,1,MAIN,UP,KYN,CSMT,
KP6,95006,2,SE,UP,KHPI,CSMT,
T58,97348,1,MAIN,UP,TNA,CSMT,
DK6,95724,2,MAIN,UP,KYN,DR,
PDL2,97212,1,MAIN,UP,DI,PR,
A24,95314,2,SE,UP,ABH,CSMT,
G6,97506,1,MAIN,UP,GC,CSMT,
T60,97350,1,MAIN,UP,TNA,CSMT,
K48,97044,1,MAIN,UP,KYN,CSMT,
AN10,96508,1,NE,UP,ASO,CSMT,
T66,95912,2,MAIN,UP,TNA,CSMT,
T62,97352,1,MAIN,UP,TNA,CSMT,
A26,95316,2,SE,UP,ABH,CSMT,
PTL4,96620,1,NE,UP,TLA,PR,
T64,97354,1,MAIN,UP,TNA,CSMT,
S22,95116,2,SE,UP,KJT,CSMT,
K50,97046,1,MAIN,UP,KYN,CSMT,
T68,97356,1,MAIN,UP,TNA,CSMT,
K52,97048,1,MAIN,UP,KYN,CSMT,
DL16,97214,1,MAIN,UP,DI,CSMT,
TL22,96622,1,NE,UP,TLA,CSMT,
AN12,96510,1,NE,UP,ASO,CSMT,
CK2,97050,1,MAIN,UP,KYN,CLA,
TL24,95606,2,NE,UP,TLA,CSMT,
BL20,95210,2,SE,UP,BUD,CSMT,
BL18,96212,1,SE,UP,BUD,CSMT,
PK12,97052,1,MAIN,UP,KYN,PR,
T70,97358,1,MAIN,UP,TNA,CSMT,
DL18,97216,1,MAIN,UP,DI,CSMT,
TK4,97054,1,MAIN,UP,KYN,TNA,
T72,97360,1,MAIN,UP,TNA,CSMT,
DK8,95726,2,MAIN,UP,KYN,DR,
PK14,97056,1,MAIN,UP,KYN,PR,
N14,95410,2,NE,UP,KSRA,CSMT,
S24,95118,2,SE,UP,KJT,CSMT,
TL26,96624,1,NE,UP,TLA,CSMT,
A28,95346,2,SE,UP,ABH,CSMT,
TK6,97058,1,MAIN,UP,KYN,TNA,
K54,95728,2,MAIN,UP,KYN,CSMT,
DA2,95318,2,SE,UP,ABH,DR,
T74,97362,1,MAIN,UP,TNA,CSMT,
BL22,96214,1,SE,UP,BUD,CSMT,
A30,96314,1,SE,UP,ABH,CSMT,
TL28,96626,1,NE,UP,TLA,CSMT,
DL20,97218,1,MAIN,UP,DI,CSMT,
PK16,97060,1,MAIN,UP,KYN,PR,
S26,95120,2,SE,UP,KJT,CSMT,
BL24,96216,1,SE,UP,BUD,CSMT,
K56,97062,1,MAIN,UP,KYN,CSMT,
N16,95412,2,NE,UP,KSRA,CSMT,
AN14,96512,1,NE,UP,ASO,CSMT,
DL22,97220,1,MAIN,UP,DI,CSMT,
BL26,96218,1,SE,UP,BUD,CSMT,
PK18,97064,1,MAIN,UP,KYN,PR,
TL30,96628,1,NE,UP,TLA,CSMT,
BL30,95212,2,SE,UP,BUD,CSMT,
A32,96316,1,SE,UP,ABH,CSMT,
BL28,96220,1,SE,UP,BUD,CSMT,
T76,97364,1,MAIN,UP,TNA,CSMT,
TK8,97066,1,MAIN,UP,KYN,TNA,
DBL2,95214,2,SE,UP,BUD,DR,
S28,95122,2,SE,UP,KJT,CSMT,
A34,96318,1,SE,UP,ABH,CSMT,
TL32,96630,1,NE,UP,TLA,CSMT,
K58,97068,1,MAIN,UP,KYN,CSMT,
DL24,97222,1,MAIN,UP,DI,CSMT,
S30,95124,2,SE,UP,KJT,CSMT,
K60,97070,1,MAIN,UP,KYN,CSMT,
T78,97366,1,MAIN,UP,TNA,CSMT,
TL34,96632,1,NE,UP,TLA,CSMT,
A36,96320,1,SE,UP,ABH,CSMT,
TK10,97072,1,MAIN,UP,KYN,TNA,
N18,95414,2,NE,UP,KSRA,CSMT,
TL36,96634,1,NE,UP,TLA,CSMT,
CK4,97074,1,MAIN,UP,KYN,CLA,
K64,95730,2,MAIN,UP,KYN,CSMT,
BL32,95216,2,SE,UP,BUD,CSMT,
DL26,97224,1,MAIN,UP,DI,CSMT,
S32,95126,2,SE,UP,KJT,CSMT,
K62,97076,1,MAIN,UP,KYN,CSMT,
T80,97368,1,MAIN,UP,TNA,CSMT,
TL38,96636,1,NE,UP,TLA,CSMT,
PDL4,97226,1,MAIN,UP,DI,PR,
K70,95732,2,MAIN,UP,KYN,CSMT,
K66,97078,1,MAIN,UP,KYN,CSMT,
DBL4,95218,2,SE,UP,BUD,DR,
A38,96322,1,SE,UP,ABH,CSMT,
T82,97370,1,MAIN,UP,TNA,CSMT,
TAN4,96514,1,NE,UP,ASO,TNA,
K68,97080,1,MAIN,UP,KYN,CSMT,
DL28,97228,1,MAIN,UP,DI,CSMT,
PK20,97082,1,MAIN,UP,KYN,PR,
BL34,95220,2,SE,UP,BUD,CSMT,
TL40,96638,1,NE,UP,TLA,CSMT,
A42,95320,2,SE,UP,ABH,CSMT,
K72,97084,1,MAIN,UP,KYN,CSMT,
T84,95914,2,MAIN,UP,TNA,CSMT,
A40,96324,1,SE,UP,ABH,CSMT,
PT2,97372,1,MAIN,UP,TNA,PR,
TS2,96108,1,SE,UP,KJT,TNA,
N20,95416,2,NE,UP,KSRA,CSMT,
S34,95128,2,SE,UP,KJT,CSMT,
K74,97086,1,MAIN,UP,KYN,CSMT,
K76,97088,1,MAIN,UP,KYN,CSMT,
T86,97374,1,MAIN,UP,TNA,CSMT,
A44,95322,2,SE,UP,ABH,CSMT,
K78,97090,1,MAIN,UP,KYN,CSMT,
KP8,95008,2,SE,UP,KHPI,CSMT,
DL30,97230,1,MAIN,UP,DI,CSMT,
PT4,97376,1,MAIN,UP,TNA,PR,
BL36,95222,2,SE,UP,BUD,CSMT,
C14,97614,1,MAIN,UP,CLA,CSMT,
TL42,96640,1,NE,UP,TLA,CSMT,
A46,95324,2,SE,UP,ABH,CSMT,
T88,97378,1,MAIN,UP,TNA,CSMT,
K80,97092,1,MAIN,UP,KYN,CSMT,
TK12,97094,1,MAIN,UP,KYN,TNA,
C16,97616,1,MAIN,UP,CLA,CSMT,
AN16,95506,2,NE,UP,ASO,CSMT,
T90,97380,1,MAIN,UP,TNA,CSMT,
TL44,96642,1,NE,UP,TLA,CSMT,
BL38,95224,2,SE,UP,BUD,CSMT,
DL32,97232,1,MAIN,UP,DI,CSMT,
N22,95418,2,NE,UP,KSRA,CSMT,
K82,97096,1,MAIN,UP,KYN,CSMT,
C18,97618,1,MAIN,UP,CLA,CSMT,
BL40,95226,2,SE,UP,BUD,CSMT,
K84,97098,1,MAIN,UP,KYN,CSMT,
T92,97382,1,MAIN,UP,TNA,CSMT,
PK22,97100,1,MAIN,UP,KYN,PR,
TL46,96644,1,NE,UP,TLA,CSMT,
TL48,95608,2,NE,UP,TLA,CSMT,
S36,95130,2,SE,UP,KJT,CSMT,
T94,97384,1,MAIN,UP,TNA,CSMT,
AN18,95508,2,NE,UP,ASO,CSMT,
TK14,97102,1,MAIN,UP,KYN,TNA,
K86,97104,1,MAIN,UP,KYN,CSMT,
K88,97106,1,MAIN,UP,KYN,CSMT,
DK10,95734,2,MAIN,UP,KYN,DR,
A48,95326,2,SE,UP,ABH,CSMT,
T96,97386,1,MAIN,UP,TNA,CSMT,
PK24,97108,1,MAIN,UP,KYN,PR,
BL42,95228,2,SE,UP,BUD,CSMT,
K92,95736,2,MAIN,UP,KYN,CSMT,
C20,97620,1,MAIN,UP,CLA,CSMT,
N24,95420,2,NE,UP,KSRA,CSMT,
K90,97110,1,MAIN,UP,KYN,CSMT,
S38,95132,2,SE,UP,KJT,CSMT,
T98,97388,1,MAIN,UP,TNA,CSMT,
DL34,97234,1,MAIN,UP,DI,CSMT,
T100,97390,1,MAIN,UP,TNA,CSMT,
DA4,95328,2,SE,UP,ABH,DR,
PT6,97392,1,MAIN,UP,TNA,PR,
TL50,95610,2,NE,UP,TLA,CSMT,
BL44,95230,2,SE,UP,BUD,CSMT,
TK16,97112,1,MAIN,UP,KYN,TNA,
T102,97394,1,MAIN,UP,TNA,CSMT,
DL36,97236,1,MAIN,UP,DI,CSMT,
AN20,95510,2,NE,UP,ASO,CSMT,
T104,97396,1,MAIN,UP,TNA,CSMT,
BL46,95232,2,SE,UP,BUD,CSMT,
T106,97398,1,MAIN,UP,TNA,CSMT,
PK26,97114,1,MAIN,UP,KYN,PR,
TL52,95612,2,NE,UP,TLA,CSMT,
T108,97400,1,MAIN,UP,TNA,CSMT,
K96,95738,2,MAIN,UP,KYN,CSMT,
DL38,97238,1,MAIN,UP,DI,CSMT,
N26,95422,2,NE,UP,KSRA,CSMT,
C22,97622,1,MAIN,UP,CLA,CSMT,
BL48,95234,2,SE,UP,BUD,CSMT,
T110,97402,1,MAIN,UP,TNA,CSMT,
K102,95740,2,MAIN,UP,KYN,CSMT,
K94,97116,1,MAIN,UP,KYN,CSMT,
A50,95330,2,SE,UP,ABH,CSMT,
T112,97404,1,MAIN,UP,TNA,CSMT,
PDL6,97240,1,MAIN,UP,DI,PR,
KP10,95010,2,SE,UP,KHPI,CSMT,
TL54,95614,2,NE,UP,TLA,CSMT,
K98,97118,1,MAIN,UP,KYN,CSMT,
C24,97624,1,MAIN,UP,CLA,CSMT,
T114,97406,1,MAIN,UP,TNA,CSMT,
K100,97120,1,MAIN,UP,KYN,CSMT,
A52,95332,2,SE,UP,ABH,CSMT,
T116,97408,1,MAIN,UP,TNA,CSMT,
DL40,97242,1,MAIN,UP,DI,CSMT,
PT8,97410,1,MAIN,UP,TNA,PR,
N28,95424,2,NE,UP,KSRA,CSMT,
DA6,95334,2,SE,UP,ABH,DR,
K108,95742,2,MAIN,UP,KYN,CSMT,
C26,97626,1,MAIN,UP,CLA,CSMT,
S40,95134,2,SE,UP,KJT,CSMT,
K104,97122,1,MAIN,UP,KYN,CSMT,
AN22,95512,2,NE,UP,ASO,CSMT,
PT10,97412,1,MAIN,UP,TNA,PR,
TK18,97124,1,MAIN,UP,KYN,TNA,
K110,95744,2,MAIN,UP,KYN,CSMT,
DL42,97244,1,MAIN,UP,DI,CSMT,
BL50,95236,2,SE,UP,BUD,CSMT,
T118,97414,1,MAIN,UP,TNA,CSMT,
K106,97126,1,MAIN,UP,KYN,CSMT,
DA8,95336,2,SE,UP,ABH,DR,
TL56,95616,2,NE,UP,TLA,CSMT,
T120,97416,1,MAIN,UP,TNA,CSMT,
PDL8,97246,1,MAIN,UP,DI,PR,
S42,95136,2,SE,UP,KJT,CSMT,
K112,97128,1,MAIN,UP,KYN,CSMT,
C28,97628,1,MAIN,UP,CLA,CSMT,
PT12,97418,1,MAIN,UP,TNA,PR,
TK20,97130,1,MAIN,UP,KYN,TNA,
DL44,97248,1,MAIN,UP,DI,CSMT,
CK6,97132,1,MAIN,UP,KYN,CLA,
BL52,95238,2,SE,UP,BUD,CSMT,
K114,97134,1,MAIN,UP,KYN,CSMT,
KP12,95012,2,SE,UP,KHPI,CSMT,
AN24,96516,1,NE,UP,ASO,CSMT,
T122,97420,1,MAIN,UP,TNA,CSMT,
TK22,97136,1,MAIN,UP,KYN,TNA,
DA10,95338,2,SE,UP,ABH,DR,
K116,97138,1,MAIN,UP,KYN,CSMT,
N30,95426,2,NE,UP,KSRA,CSMT,
T124,97422,1,MAIN,UP,TNA,CSMT,
S44,95138,2,SE,UP,KJT,CSMT,
PK28,97140,1,MAIN,UP,KYN,PR,
K118,97142,1,MAIN,UP,KYN,CSMT,
T126,97424,1,MAIN,UP,TNA,CSMT,
TTL2,96646,1,NE,UP,TLA,TNA,
DL46,97250,1,MAIN,UP,DI,CSMT,
AN26,95514,2,NE,UP,ASO,CSMT,
K120,97144,1,MAIN,UP,KYN,CSMT,
BL54,95240,2,SE,UP,BUD,CSMT,
T128,97426,1,MAIN,UP,TNA,CSMT,
PK30,97146,1,MAIN,UP,KYN,PR,
DL48,97252,1,MAIN,UP,DI,CSMT,
K122,97148,1,MAIN,UP,KYN,CSMT,
TK24,97150,1,MAIN,UP,KYN,TNA,
A54,96326,1,SE,UP,ABH,CSMT,
A56,95340,2,SE,UP,ABH,CSMT,
K124,97152,1,MAIN,UP,KYN,CSMT,
BL56,95242,2,SE,UP,BUD,CSMT,
TL58,96648,1,NE,UP,TLA,CSMT,
PK32,97154,1,MAIN,UP,KYN,PR,
S46,95140,2,SE,UP,KJT,CSMT,
DL50,97254,1,MAIN,UP,DI,CSMT,
DK12,95746,2,MAIN,UP,KYN,DR,
T130,97428,1,MAIN,UP,TNA,CSMT,
AN28,96518,1,NE,UP,ASO,CSMT,
DL52,97256,1,MAIN,UP,DI,CSMT,
K126,97156,1,MAIN,UP,KYN,CSMT,
TL60,96650,1,NE,UP,TLA,CSMT,
A58,95342,2,SE,UP,ABH,CSMT,
K128,97158,1,MAIN,UP,KYN,CSMT,
PK34,97160,1,MAIN,UP,KYN,PR,
BL60,95244,2,SE,UP,BUD,CSMT,
BL58,96222,1,SE,UP,BUD,CSMT,
AN30,95516,2,NE,UP,ASO,CSMT,
T132,97430,1,MAIN,UP,TNA,CSMT,
TK26,97162,1,MAIN,UP,KYN,TNA,
A60,95344,2,SE,UP,ABH,CSMT,
TL62,96652,1,NE,UP,TLA,CSMT,
DL54,97258,1,MAIN,UP,DI,CSMT,
CK8,97164,1,MAIN,UP,KYN,CLA,
PT14,97432,1,MAIN,UP,TNA,PR,
N32,95428,2,NE,UP,KSRA,CSMT,
S48,95142,2,SE,UP,KJT,CSMT,
TL64,96654,1,NE,UP,TLA,CSMT,
PK36,97166,1,MAIN,UP,KYN,PR,
C30,97630,1,MAIN,UP,CLA,CSMT,
BL62,96224,1,SE,UP,BUD,CSMT,
BL64,95246,2,SE,UP,BUD,CSMT,
S50,95144,2,SE,UP,KJT,CSMT,
K130,97168,1,MAIN,UP,KYN,CSMT,
TL66,96656,1,NE,UP,TLA,CSMT,
PT16,97434,1,MAIN,UP,TNA,PR,
A62,96328,1,SE,UP,ABH,CSMT,
DL56,97260,1,MAIN,UP,DI,CSMT,
BL66,95248,2,SE,UP,BUD,CSMT,
K132,97170,1,MAIN,UP,KYN,CSMT,
K134,97172,1,MAIN,UP,KYN,CSMT,
N34,95430,2,NE,UP,KSRA,CSMT,
DL58,97262,1,MAIN,UP,DI,CSMT,
A64,96330,1,SE,UP,ABH,CSMT,
TL68,96658,1,NE,UP,TLA,CSMT,
K136,97174,1,MAIN,UP,KYN,CSMT,
S54,95146,2,SE,UP,KJT,CSMT,
A66,96332,1,SE,UP,ABH,CSMT,
S52,96110,1,SE,UP,KJT,CSMT,
PDL10,97264,1,MAIN,UP,DI,PR,
TTL4,96660,1,NE,UP,TLA,TNA,
AN32,96520,1,NE,UP,ASO,CSMT,
CK10,97176,1,MAIN,UP,KYN,CLA,
K138,95748,2,MAIN,UP,KYN,CSMT,
PBL2,96226,1,SE,UP,BUD,CSMT,
TK28,97178,1,MAIN,UP,KYN,TNA,
CT2,97436,1,MAIN,UP,TNA,CSMT,
N36,96406,1,NE,UP,KSRA,CSMT,
TK30,97180,1,MAIN,UP,KYN,TNA,
TBL4,96228,1,SE,UP,BUD,TNA,
TTL6,96662,1,NE,UP,TLA,TNA,
KP14,96020,1,SE,UP,KHPI,CSMT,
TAN6,96522,1,NE,UP,ASO,TNA,
TK32,97182,1,MAIN,UP,KYN,TNA,
BL68,96230,1,SE,UP,BUD,CSMT,
GN2,98702,0,CSMTH_GMN,UP,GMN,CSMTH,GMN to CSMTH
PL2,98002,0,HARBOUR,UP,PNVL,CSMTH,Harbour Line to PNVL
B2,98802,0,CSMTH_GMN,UP,BA,CSMTH,BA to CSMTH
V2,98502,0,HARBOUR,UP,VSH,CSMTH,Harbour Line to VSH
BR2,98302,0,HARBOUR,UP,BEPR,CSMTH,Harbour Line to BEPR
B4,98804,0,CSMTH_GMN,UP,BA,CSMTH,BA to CSMTH
VVD2,98506,0,HARBOUR,UP,VSH,VDLR,Harbour Line to VSH
V4,98504,0,HARBOUR,UP,VSH,CSMTH,Harbour Line to VSH
BR4,98304,0,HARBOUR,UP,BEPR,CSMTH,Harbour Line to BEPR
PL4,98004,0,HARBOUR,UP,PNVL,CSMTH,Harbour Line to PNVL
V6,98508,0,HARBOUR,UP,VSH,CSMTH,Harbour Line to VSH
BR6,98306,0,HARBOUR,UP,BEPR,CSMTH,Harbour Line to BEPR
V8,98510,0,HARBOUR,UP,VSH,CSMTH,Harbour Line to VSH
B6,98806,0,CSMTH_GMN,UP,BA,CSMTH,BA to CSMTH
PL6,98006,0,HARBOUR,UP,PNVL,CSMTH,Harbour Line to PNVL
VVD4,98512,0,HARBOUR,UP,VSH,VDLR,Harbour Line to VSH
BR8,98308,0,HARBOUR,UP,BEPR,CSMTH,Harbour Line to BEPR
GN4,98704,0,CSMTH_GMN,UP,GMN,CSMTH,GMN to CSMTH
V10,98514,0,HARBOUR,UP,VSH,CSMTH,Harbour Line to VSH
PL8,98008,0,HARBOUR,UP,PNVL,CSMTH,Harbour Line to PNVL
GN6,98706,0,CSMTH_GMN,UP,GMN,CSMTH,GMN to CSMTH
V12,98516,0,HARBOUR,UP,VSH,CSMTH,Harbour Line to VSH
PL10,98010,0,HARBOUR,UP,PNVL,CSMTH,Harbour Line to PNVL
GN8,98708,0,CSMTH_GMN,UP,GMN,CSMTH,GMN to CSMTH
V14,98518,0,HARBOUR,UP,VSH,CSMTH,Harbour Line to VSH
PL12,98012,0,HARBOUR,UP,PNVL,CSMTH,Harbour Line to PNVL
B8,98808,0,CSMTH_GMN,UP,BA,CSMTH,BA to CSMTH
BR10,98310,0,HARBOUR,UP,BEPR,CSMTH,Harbour Line to BEPR
PL14,98014,0,HARBOUR,UP,PNVL,CSMTH,Harbour Line to PNVL
GN10,98710,0,CSMTH_GMN,UP,GMN,CSMTH,GMN to CSMTH
BRVD2,98312,0,HARBOUR,UP,BEPR,VDLR,Harbour Line to BEPR
PL16,98016,0,HARBOUR,UP,PNVL,CSMTH,Harbour Line to PNVL
V16,98520,0,HARBOUR,UP,VSH,CSMTH,Harbour Line to VSH
GN12,98712,0,CSMTH_GMN,UP,GMN,CSMTH,GMN to CSMTH
BR12,98314,0,HARBOUR,UP,BEPR,CSMTH,Harbour Line to BEPR
B10,98810,0,CSMTH_GMN,UP,BA,CSMTH,BA to CSMTH
PL18,98018,0,HARBOUR,UP,PNVL,CSMTH,Harbour Line to PNVL
BR14,98316,0,HARBOUR,UP,BEPR,CSMTH,Harbour Line to BEPR
GN14,98714,0,CSMTH_GMN,UP,GMN,CSMTH,GMN to CSMTH
PL20,98020,0,HARBOUR,UP,PNVL,CSMTH,Harbour Line to PNVL
B12,98812,0,CSMTH_GMN,UP,BA,CSMTH,BA to CSMTH
VVD6,98522,0,HARBOUR,UP,VSH,VDLR,Harbour Line to VSH
PL22,98022,0,HARBOUR,UP,PNVL,CSMTH,Harbour Line to PNVL
GN16,98716,0,CSMTH_GMN,UP,GMN,CSMTH,GMN to CSMTH
V18,98524,0,HARBOUR,UP,VSH,CSMTH,Harbour Line to VSH
B14,98814,0,CSMTH_GMN,UP,BA,CSMTH,BA to CSMTH
PLVD2,98024,0,HARBOUR,UP,PNVL,VDLR,Harbour Line to PNVL
PL24,98026,0,HARBOUR,UP,PNVL,CSMTH,Harbour Line to PNVL
BR16,98318,0,HARBOUR,UP,BEPR,CSMTH,Harbour Line to BEPR
GN18,98718,0,CSMTH_GMN,UP,GMN,CSMTH,GMN to CSMTH
PL26,98028,0,HARBOUR,UP,PNVL,CSMTH,Harbour Line to PNVL
V20,98526,0,HARBOUR,UP,VSH,CSMTH,Harbour Line to VSH
GNPL2,98902,0,HARBOUR,UP,GMN,PNVL,GMN-PNVL special - check actual route
BR18,98320,0,HARBOUR,UP,BEPR,CSMTH,Harbour Line to BEPR
PLVD4,98030,0,HARBOUR,UP,PNVL,VDLR,Harbour Line to PNVL
B16,98816,0,CSMTH_GMN,UP,BA,CSMTH,BA to CSMTH
PL28,98032,0,HARBOUR,UP,PNVL,CSMTH,Harbour Line to PNVL
V22,98528,0,HARBOUR,UP,VSH,CSMTH,Harbour Line to VSH
PLVD6,98034,0,HARBOUR,UP,PNVL,VDLR,Harbour Line to PNVL
GN20,98720,0,CSMTH_GMN,UP,GMN,CSMTH,GMN to CSMTH
CM2,98602,0,HARBOUR,UP,MNKD,CSMTH,Harbour Line short distance
PL30,98036,0,HARBOUR,UP,PNVL,CSMTH,Harbour Line to PNVL
BR20,98322,0,HARBOUR,UP,BEPR,CSMTH,Harbour Line to BEPR
B18,98818,0,CSMTH_GMN,UP,BA,CSMTH,BA to CSMTH
V24,98530,0,HARBOUR,UP,VSH,CSMTH,Harbour Line to VSH
PL32,98038,0,HARBOUR,UP,PNVL,CSMTH,Harbour Line to PNVL
BR22,98324,0,HARBOUR,UP,BEPR,CSMTH,Harbour Line to BEPR
GN22,98722,0,CSMTH_GMN,UP,GMN,CSMTH,GMN to CSMTH
PLVD8,98040,0,HARBOUR,UP,PNVL,VDLR,Harbour Line to PNVL
PL34,98042,0,HARBOUR,UP,PNVL,CSMTH,Harbour Line to PNVL
V26,98532,0,HARBOUR,UP,VSH,CSMTH,Harbour Line to VSH
B20,98820,0,CSMTH_GMN,UP,BA,CSMTH,BA to CSMTH
PL36,98044,0,HARBOUR,UP,PNVL,CSMTH,Harbour Line to PNVL
M4,98604,0,HARBOUR,UP,MNKD,CSMTH,Harbour Line short distance
GNPL4,98904,0,HARBOUR,UP,GMN,PNVL,GMN-PNVL special - check actual route
PL38,98046,0,HARBOUR,UP,PNVL,CSMTH,Harbour Line to PNVL
B22,98822,0,CSMTH_GMN,UP,BA,CSMTH,BA to CSMTH
PL40,98048,0,HARBOUR,UP,PNVL,CSMTH,Harbour Line to PNVL
GN24,98724,0,CSMTH_GMN,UP,GMN,CSMTH,GMN to CSMTH
CM2,98606,0,HARBOUR,UP,MNKD,CSMTH,Harbour Line short distance
BR24,98326,0,HARBOUR,UP,BEPR,CSMTH,Harbour Line to BEPR
PLVD10,98050,0,HARBOUR,UP,PNVL,VDLR,Harbour Line to PNVL
B24,98824,0,CSMTH_GMN,UP,BA,CSMTH,BA to CSMTH
V28,98534,0,HARBOUR,UP,VSH,CSMTH,Harbour Line to VSH
PL42,98052,0,HARBOUR,UP,PNVL,CSMTH,Harbour Line to PNVL
GN26,98726,0,CSMTH_GMN,UP,GMN,CSMTH,GMN to CSMTH
PLVD12,98054,0,HARBOUR,UP,PNVL,VDLR,Harbour Line to PNVL
BR26,98328,0,HARBOUR,UP,BEPR,CSMTH,Harbour Line to BEPR
PL44,98056,0,HARBOUR,UP,PNVL,CSMTH,Harbour Line to PNVL
B26,98826,0,CSMTH_GMN,UP,BA,CSMTH,BA to CSMTH
BR28,98330,0,HARBOUR,UP,BEPR,CSMTH,Harbour Line to BEPR
GNPL5,98906,0,HARBOUR,UP,GMN,PNVL,GMN-PNVL special - check actual route
PL46,98058,0,HARBOUR,UP,PNVL,CSMTH,Harbour Line to PNVL
V30,98536,0,HARBOUR,UP,VSH,CSMTH,Harbour Line to VSH
PL48,98060,0,HARBOUR,UP,PNVL,CSMTH,Harbour Line to PNVL
GN28,98728,0,CSMTH_GMN,UP,GMN,CSMTH,GMN to CSMTH
BR30,98332,0,HARBOUR,UP,BEPR,CSMTH,Harbour Line to BEPR
PL50,98062,0,HARBOUR,UP,PNVL,CSMTH,Harbour Line to PNVL
PLVD14,98064,0,HARBOUR,UP,PNVL,VDLR,Harbour Line to PNVL
B28,98828,0,CSMTH_GMN,UP,BA,CSMTH,BA to CSMTH
V32,98538,0,HARBOUR,UP,VSH,CSMTH,Harbour Line to VSH
PL52,98066,0,HARBOUR,UP,PNVL,CSMTH,Harbour Line to PNVL
GN30,98730,0,CSMTH_GMN,UP,GMN,CSMTH,GMN to CSMTH
PLVD16,98068,0,HARBOUR,UP,PNVL,VDLR,Harbour Line to PNVL
V34,98540,0,HARBOUR,UP,VSH,CSMTH,Harbour Line to VSH
PL54,98070,0,HARBOUR,UP,PNVL,CSMTH,Harbour Line to PNVL
B30,98830,0,CSMTH_GMN,UP,BA,CSMTH,BA to CSMTH
BR32,98334,0,HARBOUR,UP,BEPR,CSMTH,Harbour Line to BEPR
PL56,98072,0,HARBOUR,UP,PNVL,CSMTH,Harbour Line to PNVL
GN32,98732,0,CSMTH_GMN,UP,GMN,CSMTH,GMN to CSMTH
PL58,98074,0,HARBOUR,UP,PNVL,CSMTH,Harbour Line to PNVL
PLVD18,98076,0,HARBOUR,UP,PNVL,VDLR,Harbour Line to PNVL
BR34,98336,0,HARBOUR,UP,BEPR,CSMTH,Harbour Line to BEPR
98832,98832,0,CSMTH_GMN,UP,BA,CSMTH,BA to CSMTH
PL60,98078,0,HARBOUR,UP,PNVL,CSMTH,Harbour Line to PNVL
GN34,98734,0,CSMTH_GMN,UP,GMN,CSMTH,GMN to CSMTH
BR36,98338,0,HARBOUR,UP,BEPR,CSMTH,Harbour Line to BEPR
PL62,98080,0,HARBOUR,UP,PNVL,CSMTH,Harbour Line to PNVL
B34,98834,0,CSMTH_GMN,UP,BA,CSMTH,BA to CSMTH
BR38,98340,0,HARBOUR,UP,BEPR,CSMTH,Harbour Line to BEPR
GN36,98736,0,CSMTH_GMN,UP,GMN,CSMTH,GMN to CSMTH
PL64,98082,0,HARBOUR,UP,PNVL,CSMTH,Harbour Line to PNVL
WGN2,91392,0,HARBOUR,UP,GMN,CSMTH,Special GMN code pattern
PLVD20,98084,0,HARBOUR,UP,PNVL,VDLR,Harbour Line to PNVL
PL66,98086,0,HARBOUR,UP,PNVL,CSMTH,Harbour Line to PNVL
BR40,98342,0,HARBOUR,UP,BEPR,CSMTH,Harbour Line to BEPR
PLVD22,98088,0,HARBOUR,UP,PNVL,VDLR,Harbour Line to PNVL
B36,98836,0,CSMTH_GMN,UP,BA,CSMTH,BA to CSMTH
PL68,98090,0,HARBOUR,UP,PNVL,CSMTH,Harbour Line to PNVL
GN38,98738,0,CSMTH_GMN,UP,GMN,CSMTH,GMN to CSMTH
BR42,98344,0,HARBOUR,UP,BEPR,CSMTH,Harbour Line to BEPR
PL70,98092,0,HARBOUR,UP,PNVL,CSMTH,Harbour Line to PNVL
B38,98838,0,CSMTH_GMN,UP,BA,CSMTH,BA to CSMTH
PL72,98094,0,HARBOUR,UP,PNVL,CSMTH,Harbour Line to PNVL
GNPL6,98906,0,HARBOUR,UP,GMN,PNVL,GMN-PNVL special - check actual route
BR44,98346,0,HARBOUR,UP,BEPR,CSMTH,Harbour Line to BEPR
GN40,98740,0,CSMTH_GMN,UP,GMN,CSMTH,GMN to CSMTH
PLVD24,98096,0,HARBOUR,UP,PNVL,VDLR,Harbour Line to PNVL
PL74,98098,0,HARBOUR,UP,PNVL,CSMTH,Harbour Line to PNVL
B40,98840,0,CSMTH_GMN,UP,BA,CSMTH,BA to CSMTH
BR46,98348,0,HARBOUR,UP,BEPR,CSMTH,Harbour Line to BEPR
PL76,98100,0,HARBOUR,UP,PNVL,CSMTH,Harbour Line to PNVL
GN42,98742,0,CSMTH_GMN,UP,GMN,CSMTH,GMN to CSMTH
BR48,98350,0,HARBOUR,UP,BEPR,CSMTH,Harbour Line to BEPR
B42,98842,0,CSMTH_GMN,UP,BA,CSMTH,BA to CSMTH
PL78,98102,0,HARBOUR,UP,PNVL,CSMTH,Harbour Line to PNVL
PLVD26,98104,0,HARBOUR,UP,PNVL,VDLR,Harbour Line to PNVL
GN44,98744,0,CSMTH_GMN,UP,GMN,CSMTH,GMN to CSMTH
PL80,98106,0,HARBOUR,UP,PNVL,CSMTH,Harbour Line to PNVL
B44,98844,0,CSMTH_GMN,UP,BA,CSMTH,BA to CSMTH
PL82,98108,0,HARBOUR,UP,PNVL,CSMTH,Harbour Line to PNVL
WGN4,91394,0,HARBOUR,UP,GMN,CSMTH,Special GMN code pattern
PL84,98110,0,HARBOUR,UP,PNVL,CSMTH,Harbour Line to PNVL
PL86,98112,0,HARBOUR,UP,PNVL,CSMTH,Harbour Line to PNVL
BRVD4,98352,0,HARBOUR,UP,BEPR,VDLR,Harbour Line to BEPR
B46,98846,0,CSMTH_GMN,UP,BA,CSMTH,BA to CSMTH
PL88,98114,0,HARBOUR,UP,PNVL,CSMTH,Harbour Line to PNVL
PL90,98116,0,HARBOUR,UP,PNVL,CSMTH,Harbour Line to PNVL
GN46,98746,0,CSMTH_GMN,UP,GMN,CSMTH,GMN to CSMTH
PL92,98118,0,HARBOUR,UP,PNVL,CSMTH,Harbour Line to PNVL
BR50,98354,0,HARBOUR,UP,BEPR,CSMTH,Harbour Line to BEPR
B48,98848,0,CSMTH_GMN,UP,BA,CSMTH,BA to CSMTH
PL94,98120,0,HARBOUR,UP,PNVL,CSMTH,Harbour Line to PNVL
V36,98542,0,HARBOUR,UP,VSH,CSMTH,Harbour Line to VSH
PL96,98122,0,HARBOUR,UP,PNVL,CSMTH,Harbour Line to PNVL
PLVD28,98124,0,HARBOUR,UP,PNVL,VDLR,Harbour Line to PNVL
GN48,98748,0,CSMTH_GMN,UP,GMN,CSMTH,GMN to CSMTH
BR52,98356,0,HARBOUR,UP,BEPR,CSMTH,Harbour Line to BEPR
B50,98850,0,CSMTH_GMN,UP,BA,CSMTH,BA to CSMTH
PL98,98126,0,HARBOUR,UP,PNVL,CSMTH,Harbour Line to PNVL
PL100,98128,0,HARBOUR,UP,PNVL,CSMTH,Harbour Line to PNVL
GN50,98750,0,CSMTH_GMN,UP,GMN,CSMTH,GMN to CSMTH
PLVD30,98130,0,HARBOUR,UP,PNVL,VDLR,Harbour Line to PNVL
PL102,98132,0,HARBOUR,UP,PNVL,CSMTH,Harbour Line to PNVL
PL104,98134,0,HARBOUR,UP,PNVL,CSMTH,Harbour Line to PNVL
V38,98544,0,HARBOUR,UP,VSH,CSMTH,Harbour Line to VSH
B52,98852,0,CSMTH_GMN,UP,BA,CSMTH,BA to CSMTH
PL106,98136,0,HARBOUR,UP,PNVL,CSMTH,Harbour Line to PNVL
PLVD32,98138,0,HARBOUR,UP,PNVL,VDLR,Harbour Line to PNVL
V40,98546,0,HARBOUR,UP,VSH,CSMTH,Harbour Line to VSH
PL108,98140,0,HARBOUR,UP,PNVL,CSMTH,Harbour Line to PNVL
GN52,98752,0,CSMTH_GMN,UP,GMN,CSMTH,GMN to CSMTH
PL110,98142,0,HARBOUR,UP,PNVL,CSMTH,Harbour Line to PNVL
PL112,98144,0,HARBOUR,UP,PNVL,CSMTH,Harbour Line to PNVL
VVD8,98548,0,HARBOUR,UP,VSH,VDLR,Harbour Line to VSH
B54,98854,0,CSMTH_GMN,UP,BA,CSMTH,BA to CSMTH
PL114,98146,0,HARBOUR,UP,PNVL,CSMTH,Harbour Line to PNVL
BR54,98358,0,HARBOUR,UP,BEPR,CSMTH,Harbour Line to BEPR
GN54,98754,0,CSMTH_GMN,UP,GMN,CSMTH,GMN to CSMTH
V42,98550,0,HARBOUR,UP,VSH,CSMTH,Harbour Line to VSH
PL116,98148,0,HARBOUR,UP,PNVL,CSMTH,Harbour Line to PNVL
PL118,98150,0,HARBOUR,UP,PNVL,CSMTH,Harbour Line to PNVL
VVD10,98552,0,HARBOUR,UP,VSH,VDLR,Harbour Line to VSH
B56,98856,0,CSMTH_GMN,UP,BA,CSMTH,BA to CSMTH
BR56,98360,0,HARBOUR,UP,BEPR,CSMTH,Harbour Line to BEPR
PL120,98152,0,HARBOUR,UP,PNVL,CSMTH,Harbour Line to PNVL
VVD12,98554,0,HARBOUR,UP,VSH,VDLR,Harbour Line to VSH
GN56,98756,0,CSMTH_GMN,UP,GMN,CSMTH,GMN to CSMTH
PL122,98154,0,HARBOUR,UP,PNVL,CSMTH,Harbour Line to PNVL
V44,98556,0,HARBOUR,UP,VSH,CSMTH,Harbour Line to VSH
BR58,98362,0,HARBOUR,UP,BEPR,CSMTH,Harbour Line to BEPR
PL124,98156,0,HARBOUR,UP,PNVL,CSMTH,Harbour Line to PNVL
B58,98858,0,CSMTH_GMN,UP,BA,CSMTH,BA to CSMTH
VVD14,98558,0,HARBOUR,UP,VSH,VDLR,Harbour Line to VSH
PL126,98158,0,HARBOUR,UP,PNVL,CSMTH,Harbour Line to PNVL
GN58,98758,0,CSMTH_GMN,UP,GMN,CSMTH,GMN to CSMTH
PL128,98160,0,HARBOUR,UP,PNVL,CSMTH,Harbour Line to PNVL
V46,98560,0,HARBOUR,UP,VSH,CSMTH,Harbour Line to VSH
B60,98860,0,CSMTH_GMN,UP,BA,CSMTH,BA to CSMTH
PLVD34,98162,0,HARBOUR,UP,PNVL,VDLR,Harbour Line to PNVL
BR60,98364,0,HARBOUR,UP,BEPR,CSMTH,Harbour Line to BEPR
PL130,98164,0,HARBOUR,UP,PNVL,CSMTH,Harbour Line to PNVL
V48,98562,0,HARBOUR,UP,VSH,CSMTH,Harbour Line to VSH
GN60,98760,0,CSMTH_GMN,UP,GMN,CSMTH,GMN to CSMTH
PL132,98166,0,HARBOUR,UP,PNVL,CSMTH,Harbour Line to PNVL
V50,98564,0,HARBOUR,UP,VSH,CSMTH,Harbour Line to VSH
PLVD36,98168,0,HARBOUR,UP,PNVL,VDLR,Harbour Line to PNVL
B62,98862,0,CSMTH_GMN,UP,BA,CSMTH,BA to CSMTH
PL134,98170,0,HARBOUR,UP,PNVL,CSMTH,Harbour Line to PNVL
BR62,98366,0,HARBOUR,UP,BEPR,CSMTH,Harbour Line to BEPR
GN62,98762,0,CSMTH_GMN,UP,GMN,CSMTH,GMN to CSMTH
PL136,98172,0,HARBOUR,UP,PNVL,CSMTH,Harbour Line to PNVL
V52,98566,0,HARBOUR,UP,VSH,CSMTH,Harbour Line to VSH
BR64,98368,0,HARBOUR,UP,BEPR,CSMTH,Harbour Line to BEPR
B64,98864,0,CSMTH_GMN,UP,BA,CSMTH,BA to CSMTH
PLVD38,98174,0,HARBOUR,UP,PNVL,VDLR,Harbour Line to PNVL
PL138,98176,0,HARBOUR,UP,PNVL,CSMTH,Harbour Line to PNVL
GN64,98764,0,CSMTH_GMN,UP,GMN,CSMTH,GMN to CSMTH
V54,98568,0,HARBOUR,UP,VSH,CSMTH,Harbour Line to VSH
BR66,98370,0,HARBOUR,UP,BEPR,CSMTH,Harbour Line to BEPR
GNPL8,98908,0,HARBOUR,UP,GMN,PNVL,GMN-PNVL special - check actual route
GNPL10,98910,0,HARBOUR,UP,GMN,PNVL,GMN-PNVL special - check actual route
PL140,98178,0,HARBOUR,UP,PNVL,CSMTH,Harbour Line to PNVL
B66,98866,0,CSMTH_GMN,UP,BA,CSMTH,BA to CSMTH
PL142,98180,0,HARBOUR,UP,PNVL,CSMTH,Harbour Line to PNVL
GN66,98766,0,CSMTH_GMN,UP,GMN,CSMTH,GMN to CSMTH
PLVD40,98182,0,HARBOUR,UP,PNVL,VDLR,Harbour Line to PNVL
V56,98570,0,HARBOUR,UP,VSH,CSMTH,Harbour Line to VSH
BR68,98372,0,HARBOUR,UP,BEPR,CSMTH,Harbour Line to BEPR
B68,98868,0,CSMTH_GMN,UP,BA,CSMTH,BA to CSMTH
PL144,98184,0,HARBOUR,UP,PNVL,CSMTH,Harbour Line to PNVL
GNPL12,98912,0,HARBOUR,UP,GMN,PNVL,GMN-PNVL special - check actual route
PL146,98186,0,HARBOUR,UP,PNVL,CSMTH,Harbour Line to PNVL
V58,98572,0,HARBOUR,UP,VSH,CSMTH,Harbour Line to VSH
PLVD42,98188,0,HARBOUR,UP,PNVL,VDLR,Harbour Line to PNVL
GN68,98768,0,CSMTH_GMN,UP,GMN,CSMTH,GMN to CSMTH
PL148,98190,0,HARBOUR,UP,PNVL,CSMTH,Harbour Line to PNVL
GN70,98770,0,CSMTH_GMN,UP,GMN,CSMTH,GMN to CSMTH
BRVD6,98374,0,HARBOUR,UP,BEPR,VDLR,Harbour Line to BEPR
PL150,98192,0,HARBOUR,UP,PNVL,CSMTH,Harbour Line to PNVL
B70,98870,0,CSMTH_GMN,UP,BA,CSMTH,BA to CSMTH
PL152,98194,0,HARBOUR,UP,PNVL,CSMTH,Harbour Line to PNVL
GNPL14,98914,0,HARBOUR,UP,GMN,PNVL,GMN-PNVL special - check actual route
WGN6,91396,0,HARBOUR,UP,GMN,CSMTH,Special GMN code pattern
PL154,98196,0,HARBOUR,UP,PNVL,CSMTH,Harbour Line to PNVL
GN72,98772,0,CSMTH_GMN,UP,GMN,CSMTH,GMN to CSMTH
V60,98574,0,HARBOUR,UP,VSH,CSMTH,Harbour Line to VSH
PL156,98198,0,HARBOUR,UP,PNVL,CSMTH,Harbour Line to PNVL
B72,98872,0,CSMTH_GMN,UP,BA,CSMTH,BA to CSMTH
BRVD8,98376,0,HARBOUR,UP,BEPR,VDLR,Harbour Line to BEPR
PL158,98200,0,HARBOUR,UP,PNVL,CSMTH,Harbour Line to PNVL
GNPL16,98916,0,HARBOUR,UP,GMN,PNVL,GMN-PNVL special - check actual route
PL160,98202,0,HARBOUR,UP,PNVL,CSMTH,Harbour Line to PNVL
V62,98576,0,HARBOUR,UP,VSH,CSMTH,Harbour Line to VSH
BRVD10,98378,0,HARBOUR,UP,BEPR,VDLR,Harbour Line to BEPR
GN74,98774,0,CSMTH_GMN,UP,GMN,CSMTH,GMN to CSMTH
PL162,98204,0,HARBOUR,UP,PNVL,CSMTH,Harbour Line to PNVL
B74,98874,0,CSMTH_GMN,UP,BA,CSMTH,BA to CSMTH
BR70,98380,0,HARBOUR,UP,BEPR,CSMTH,Harbour Line to BEPR
V64,98578,0,HARBOUR,UP,VSH,CSMTH,Harbour Line to VSH
PL164,98206,0,HARBOUR,UP,PNVL,CSMTH,Harbour Line to PNVL
GN76,98776,0,CSMTH_GMN,UP,GMN,CSMTH,GMN to CSMTH
PLVD44,98208,0,HARBOUR,UP,PNVL,VDLR,Harbour Line to PNVL
PL166,98210,0,HARBOUR,UP,PNVL,CSMTH,Harbour Line to PNVL
PL168,98212,0,HARBOUR,UP,PNVL,CSMTH,Harbour Line to PNVL
BR72,98382,0,HARBOUR,UP,BEPR,CSMTH,Harbour Line to BEPR
B76,98876,0,CSMTH_GMN,UP,BA,CSMTH,BA to CSMTH
PL170,98214,0,HARBOUR,UP,PNVL,CSMTH,Harbour Line to PNVL
GN7,98778,0,CSMTH_GMN,UP,GMN,CSMTH,GMN to CSMTH
PL172,98216,0,HARBOUR,UP,PNVL,CSMTH,Harbour Line to PNVL
BR74,98384,0,HARBOUR,UP,BEPR,CSMTH,Harbour Line to BEPR
GNPL18,98918,0,HARBOUR,UP,GMN,PNVL,GMN-PNVL special - check actual route
PL174,98218,0,HARBOUR,UP,PNVL,CSMTH,Harbour Line to PNVL
B78,98878,0,CSMTH_GMN,UP,BA,CSMTH,BA to CSMTH
PL176,98220,0,HARBOUR,UP,PNVL,CSMTH,Harbour Line to PNVL
GN80,98780,0,CSMTH_GMN,UP,GMN,CSMTH,GMN to CSMTH
PL178,98222,0,HARBOUR,UP,PNVL,CSMTH,Harbour Line to PNVL
PL180,98224,0,HARBOUR,UP,PNVL,CSMTH,Harbour Line to PNVL
B80,98880,0,CSMTH_GMN,UP,BA,CSMTH,BA to CSMTH
PL182,98226,0,HARBOUR,UP,PNVL,CSMTH,Harbour Line to PNVL
GN82,98782,0,CSMTH_GMN,UP,GMN,CSMTH,GMN to CSMTH
PL184,98228,0,HARBOUR,UP,PNVL,CSMTH,Harbour Line to PNVL
B82,98882,0,CSMTH_GMN,UP,BA,CSMTH,BA to CSMTH
PL186,98230,0,HARBOUR,UP,PNVL,CSMTH,Harbour Line to PNVL
GN84,98784,0,CSMTH_GMN,UP,GMN,CSMTH,GMN to CSMTH
PL188,98232,0,HARBOUR,UP,PNVL,CSMTH,Harbour Line to PNVL
PL190,98234,0,HARBOUR,UP,PNVL,CSMTH,Harbour Line to PNVL
B84,98884,0,CSMTH_GMN,UP,BA,CSMTH,BA to CSMTH
PL192,98236,0,HARBOUR,UP,PNVL,CSMTH,Harbour Line to PNVL
GN86,98786,0,CSMTH_GMN,UP,GMN,CSMTH,GMN to CSMTH
PL194,98238,0,HARBOUR,UP,PNVL,CSMTH,Harbour Line to PNVL
VPL2,98240,0,HARBOUR,UP,PNVL,VSH,Harbour Line to VSH
B86,98886,0,CSMTH_GMN,UP,BA,CSMTH,BA to CSMTH
PL196,98242,0,HARBOUR,UP,PNVL,CSMTH,Harbour Line to PNVL
GN88,98788,0,CSMTH_GMN,UP,GMN,CSMTH,GMN to CSMTH
PL198,98244,0,HARBOUR,UP,PNVL,CSMTH,Harbour Line to PNVL
BRPL2,98246,0,HARBOUR,UP,PNVL,BEPR,Harbour Line to PNVL
VPL4,98248,0,HARBOUR,UP,PNVL,VSH,Harbour Line to VSH
PLVD46,98250,0,HARBOUR,UP,PNVL,VDLR,Harbour Line to PNVL
BRPL4,98252,0,HARBOUR,UP,PNVL,BEPR,Harbour Line to PNVL
BR1,98301,0,HARBOUR,DN,CSMTH,BEPR,Harbour Line to BEPR
PL1,98001,0,HARBOUR,DN,CSMTH,PNVL,Harbour Line to PNVL
B1,98801,0,CSMTH_GMN,DN,CSMTH,BA,CSMTH to BA
PL3,98003,0,HARBOUR,DN,CSMTH,PNVL,Harbour Line to PNVL
BRVD1,98303,0,HARBOUR,DN,VDLR,BEPR,Harbour Line to BEPR
B3,98803,0,CSMTH_GMN,DN,CSMTH,BA,CSMTH to BA
PL5,98005,0,HARBOUR,DN,CSMTH,PNVL,Harbour Line to PNVL
GN1,98701,0,CSMTH_GMN,DN,CSMTH,GMN,CSMTH to GMN
PL7,98007,0,HARBOUR,DN,CSMTH,PNVL,Harbour Line to PNVL
PLVD1,98009,0,HARBOUR,DN,VDLR,PNVL,Harbour Line to PNVL
PL9,98011,0,HARBOUR,DN,CSMTH,PNVL,Harbour Line to PNVL
GN3,98703,0,CSMTH_GMN,DN,CSMTH,GMN,CSMTH to GMN
PLVD3,98021,0,HARBOUR,DN,VDLR,PNVL,Harbour Line to PNVL
PL19,98023,0,HARBOUR,DN,CSMTH,PNVL,Harbour Line to PNVL
GN9,98709,0,CSMTH_GMN,DN,CSMTH,GMN,CSMTH to GMN
PL21,98025,0,HARBOUR,DN,CSMTH,PNVL,Harbour Line to PNVL
PL23,98027,0,HARBOUR,DN,CSMTH,PNVL,Harbour Line to PNVL
B7,98807,0,CSMTH_GMN,DN,CSMTH,BA,CSMTH to BA
PL25,98029,0,HARBOUR,DN,CSMTH,PNVL,Harbour Line to PNVL
GN11,98711,0,CSMTH_GMN,DN,CSMTH,GMN,CSMTH to GMN
PL27,98031,0,HARBOUR,DN,CSMTH,PNVL,Harbour Line to PNVL
PL29,98033,0,HARBOUR,DN,CSMTH,PNVL,Harbour Line to PNVL
GN13,98713,0,CSMTH_GMN,DN,CSMTH,GMN,CSMTH to GMN
PLVD5,98035,0,HARBOUR,DN,VDLR,PNVL,Harbour Line to PNVL
BR3,98305,0,HARBOUR,DN,CSMTH,BEPR,Harbour Line to BEPR
B9,98809,0,CSMTH_GMN,DN,CSMTH,BA,CSMTH to BA
PL31,98037,0,HARBOUR,DN,CSMTH,PNVL,Harbour Line to PNVL
PLGN1,98901,0,HARBOUR,DN,PNVL,GMN,GMN-PNVL special - check actual route
BR5,98307,0,HARBOUR,DN,CSMTH,BEPR,Harbour Line to BEPR
B11,98811,0,CSMTH_GMN,DN,CSMTH,BA,CSMTH to BA
PL33,98039,0,HARBOUR,DN,CSMTH,PNVL,Harbour Line to PNVL
PL35,98041,0,HARBOUR,DN,CSMTH,PNVL,Harbour Line to PNVL
GN15,98715,0,CSMTH_GMN,DN,CSMTH,GMN,CSMTH to GMN
PL37,98043,0,HARBOUR,DN,CSMTH,PNVL,Harbour Line to PNVL
V1,98501,0,HARBOUR,DN,CSMTH,VSH,Harbour Line to VSH
PL39,98045,0,HARBOUR,DN,CSMTH,PNVL,Harbour Line to PNVL
PLVD7,98047,0,HARBOUR,DN,VDLR,PNVL,Harbour Line to PNVL
B13,98813,0,CSMTH_GMN,DN,CSMTH,BA,CSMTH to BA
PL41,98049,0,HARBOUR,DN,CSMTH,PNVL,Harbour Line to PNVL
BR7,98309,0,HARBOUR,DN,CSMTH,BEPR,Harbour Line to BEPR
VVD1,98503,0,HARBOUR,DN,VDLR,VSH,Harbour Line to VSH
GN17,98717,0,CSMTH_GMN,DN,CSMTH,GMN,CSMTH to GMN
PL43,98051,0,HARBOUR,DN,CSMTH,PNVL,Harbour Line to PNVL
PLGN3,98903,0,HARBOUR,DN,PNVL,GMN,GMN-PNVL special - check actual route
BR9,98311,0,HARBOUR,DN,CSMTH,BEPR,Harbour Line to BEPR
B15,98815,0,CSMTH_GMN,DN,CSMTH,BA,CSMTH to BA
PL45,98053,0,HARBOUR,DN,CSMTH,PNVL,Harbour Line to PNVL
PL47,98055,0,HARBOUR,DN,CSMTH,PNVL,Harbour Line to PNVL
GN19,98719,0,CSMTH_GMN,DN,CSMTH,GMN,CSMTH to GMN
BRVD3,98313,0,HARBOUR,DN,VDLR,BEPR,Harbour Line to BEPR
PL49,98057,0,HARBOUR,DN,CSMTH,PNVL,Harbour Line to PNVL
V3,98505,0,HARBOUR,DN,CSMTH,VSH,Harbour Line to VSH
B17,98817,0,CSMTH_GMN,DN,CSMTH,BA,CSMTH to BA
PLVD9,98059,0,HARBOUR,DN,VDLR,PNVL,Harbour Line to PNVL
BR11,98315,0,HARBOUR,DN,CSMTH,BEPR,Harbour Line to BEPR
PL51,98061,0,HARBOUR,DN,CSMTH,PNVL,Harbour Line to PNVL
PLGN5,98905,0,HARBOUR,DN,PNVL,GMN,GMN-PNVL special - check actual route
B19,98819,0,CSMTH_GMN,DN,CSMTH,BA,CSMTH to BA
PL53,98063,0,HARBOUR,DN,CSMTH,PNVL,Harbour Line to PNVL
CM1,98605,0,HARBOUR,DN,CSMTH,MNKD,Harbour Line short distance
GN21,98721,0,CSMTH_GMN,DN,CSMTH,GMN,CSMTH to GMN
V5,98507,0,HARBOUR,DN,CSMTH,VSH,Harbour Line to VSH
PLVD11,98065,0,HARBOUR,DN,VDLR,PNVL,Harbour Line to PNVL
B21,98821,0,CSMTH_GMN,DN,CSMTH,BA,CSMTH to BA
PL55,98067,0,HARBOUR,DN,CSMTH,PNVL,Harbour Line to PNVL
BR13,98317,0,HARBOUR,DN,CSMTH,BEPR,Harbour Line to BEPR
GN23,98723,0,CSMTH_GMN,DN,CSMTH,GMN,CSMTH to GMN
PL57,98069,0,HARBOUR,DN,CSMTH,PNVL,Harbour Line to PNVL
V7,98509,0,HARBOUR,DN,CSMTH,VSH,Harbour Line to VSH
B23,98823,0,CSMTH_GMN,DN,CSMTH,BA,CSMTH to BA
PL59,98071,0,HARBOUR,DN,CSMTH,PNVL,Harbour Line to PNVL
V9,98511,0,HARBOUR,DN,CSMTH,VSH,Harbour Line to VSH
GN25,98725,0,CSMTH_GMN,DN,CSMTH,GMN,CSMTH to GMN
BRVD5,98319,0,HARBOUR,DN,VDLR,BEPR,Harbour Line to BEPR
PL61,98073,0,HARBOUR,DN,CSMTH,PNVL,Harbour Line to PNVL
V11,98513,0,HARBOUR,DN,CSMTH,VSH,Harbour Line to VSH
BR15,98321,0,HARBOUR,DN,CSMTH,BEPR,Harbour Line to BEPR
PLVD13,98075,0,HARBOUR,DN,VDLR,PNVL,Harbour Line to PNVL
B25,98825,0,CSMTH_GMN,DN,CSMTH,BA,CSMTH to BA
PL63,98077,0,HARBOUR,DN,CSMTH,PNVL,Harbour Line to PNVL
V13,98515,0,HARBOUR,DN,CSMTH,VSH,Harbour Line to VSH
PL65,98079,0,HARBOUR,DN,CSMTH,PNVL,Harbour Line to PNVL
GN27,98727,0,CSMTH_GMN,DN,CSMTH,GMN,CSMTH to GMN
BR17,98323,0,HARBOUR,DN,CSMTH,BEPR,Harbour Line to BEPR
PL67,98081,0,HARBOUR,DN,CSMTH,PNVL,Harbour Line to PNVL
B27,98827,0,CSMTH_GMN,DN,CSMTH,BA,CSMTH to BA
PL69,98083,0,HARBOUR,DN,CSMTH,PNVL,Harbour Line to PNVL
B29,98829,0,CSMTH_GMN,DN,CSMTH,BA,CSMTH to BA
BRVD7,98327,0,HARBOUR,DN,VDLR,BEPR,Harbour Line to BEPR
PL75,98091,0,HARBOUR,DN,CSMTH,PNVL,Harbour Line to PNVL
V19,98521,0,HARBOUR,DN,CSMTH,VSH,Harbour Line to VSH
GN31,98731,0,CSMTH_GMN,DN,CSMTH,GMN,CSMTH to GMN
PL77,98093,0,HARBOUR,DN,CSMTH,PNVL,Harbour Line to PNVL
BR21,98329,0,HARBOUR,DN,CSMTH,BEPR,Harbour Line to BEPR
B31,98831,0,CSMTH_GMN,DN,CSMTH,BA,CSMTH to BA
PL79,98095,0,HARBOUR,DN,CSMTH,PNVL,Harbour Line to PNVL
V21,98523,0,HARBOUR,DN,CSMTH,VSH,Harbour Line to VSH
GN33,98733,0,CSMTH_GMN,DN,CSMTH,GMN,CSMTH to GMN
BRVD9,98331,0,HARBOUR,DN,VDLR,BEPR,Harbour Line to BEPR
PL81,98097,0,HARBOUR,DN,CSMTH,PNVL,Harbour Line to PNVL
V23,98525,0,HARBOUR,DN,CSMTH,VSH,Harbour Line to VSH
PLGN7,98907,0,HARBOUR,DN,PNVL,GMN,GMN-PNVL special - check actual route
PL83,98099,0,HARBOUR,DN,CSMTH,PNVL,Harbour Line to PNVL
BR23,98333,0,HARBOUR,DN,CSMTH,BEPR,Harbour Line to BEPR
B33,98833,0,CSMTH_GMN,DN,CSMTH,BA,CSMTH to BA
PL85,98101,0,HARBOUR,DN,CSMTH,PNVL,Harbour Line to PNVL
GN35,98735,0,CSMTH_GMN,DN,CSMTH,GMN,CSMTH to GMN
PL87,98103,0,HARBOUR,DN,CSMTH,PNVL,Harbour Line to PNVL
PL89,98105,0,HARBOUR,DN,CSMTH,PNVL,Harbour Line to PNVL
B35,98835,0,CSMTH_GMN,DN,CSMTH,BA,CSMTH to BA
PLVD17,98107,0,HARBOUR,DN,VDLR,PNVL,Harbour Line to PNVL
PL91,98109,0,HARBOUR,DN,CSMTH,PNVL,Harbour Line to PNVL
GN37,98737,0,CSMTH_GMN,DN,CSMTH,GMN,CSMTH to GMN
PL93,98111,0,HARBOUR,DN,CSMTH,PNVL,Harbour Line to PNVL
B37,98837,0,CSMTH_GMN,DN,CSMTH,BA,CSMTH to BA
BR25,98335,0,HARBOUR,DN,CSMTH,BEPR,Harbour Line to BEPR
PL95,98113,0,HARBOUR,DN,CSMTH,PNVL,Harbour Line to PNVL
PLVD19,98115,0,HARBOUR,DN,VDLR,PNVL,Harbour Line to PNVL
WGN1,91393,0,HARBOUR,DN,CSMTH,GMN,Special GMN code pattern
BR27,98337,0,HARBOUR,DN,CSMTH,BEPR,Harbour Line to BEPR
B39,98839,0,CSMTH_GMN,DN,CSMTH,BA,CSMTH to BA
PL97,98117,0,HARBOUR,DN,CSMTH,PNVL,Harbour Line to PNVL
V25,98527,0,HARBOUR,DN,CSMTH,VSH,Harbour Line to VSH
GN39,98739,0,CSMTH_GMN,DN,CSMTH,GMN,CSMTH to GMN
PLVD21,98119,0,HARBOUR,DN,VDLR,PNVL,Harbour Line to PNVL
PL99,98121,0,HARBOUR,DN,CSMTH,PNVL,Harbour Line to PNVL
BR29,98339,0,HARBOUR,DN,CSMTH,BEPR,Harbour Line to BEPR
B41,98841,0,CSMTH_GMN,DN,CSMTH,BA,CSMTH to BA
PL101,98123,0,HARBOUR,DN,CSMTH,PNVL,Harbour Line to PNVL
PL103,98125,0,HARBOUR,DN,CSMTH,PNVL,Harbour Line to PNVL
GN41,98741,0,CSMTH_GMN,DN,CSMTH,GMN,CSMTH to GMN
PL105,98127,0,HARBOUR,DN,CSMTH,PNVL,Harbour Line to PNVL
V27,98529,0,HARBOUR,DN,CSMTH,VSH,Harbour Line to VSH
B43,98843,0,CSMTH_GMN,DN,CSMTH,BA,CSMTH to BA
PLVD23,98129,0,HARBOUR,DN,VDLR,PNVL,Harbour Line to PNVL
PL107,98131,0,HARBOUR,DN,CSMTH,PNVL,Harbour Line to PNVL
GN43,98743,0,CSMTH_GMN,DN,CSMTH,GMN,CSMTH to GMN
PL109,98133,0,HARBOUR,DN,CSMTH,PNVL,Harbour Line to PNVL
B45,98845,0,CSMTH_GMN,DN,CSMTH,BA,CSMTH to BA
PL111,98135,0,HARBOUR,DN,CSMTH,PNVL,Harbour Line to PNVL
GN45,98745,0,CSMTH_GMN,DN,CSMTH,GMN,CSMTH to GMN
PL113,98137,0,HARBOUR,DN,CSMTH,PNVL,Harbour Line to PNVL
B47,98847,0,CSMTH_GMN,DN,CSMTH,BA,CSMTH to BA
BRVD11,98341,0,HARBOUR,DN,VDLR,BEPR,Harbour Line to BEPR
PL115,98139,0,HARBOUR,DN,CSMTH,PNVL,Harbour Line to PNVL
WGN3,91395,0,HARBOUR,DN,CSMTH,GMN,Special GMN code pattern
PL117,98141,0,HARBOUR,DN,CSMTH,PNVL,Harbour Line to PNVL
PL119,98143,0,HARBOUR,DN,CSMTH,PNVL,Harbour Line to PNVL
GN47,98747,0,CSMTH_GMN,DN,CSMTH,GMN,CSMTH to GMN
PL121,98145,0,HARBOUR,DN,CSMTH,PNVL,Harbour Line to PNVL
BR31,98343,0,HARBOUR,DN,CSMTH,BEPR,Harbour Line to BEPR
B49,98849,0,CSMTH_GMN,DN,CSMTH,BA,CSMTH to BA
PLVD25,98147,0,HARBOUR,DN,VDLR,PNVL,Harbour Line to PNVL
PL123,98149,0,HARBOUR,DN,CSMTH,PNVL,Harbour Line to PNVL
BR33,98345,0,HARBOUR,DN,CSMTH,BEPR,Harbour Line to BEPR
PL125,98151,0,HARBOUR,DN,CSMTH,PNVL,Harbour Line to PNVL
GN49,98749,0,CSMTH_GMN,DN,CSMTH,GMN,CSMTH to GMN
PL127,98153,0,HARBOUR,DN,CSMTH,PNVL,Harbour Line to PNVL
PL129,98155,0,HARBOUR,DN,CSMTH,PNVL,Harbour Line to PNVL
B51,98851,0,CSMTH_GMN,DN,CSMTH,BA,CSMTH to BA
VVD3,98531,0,HARBOUR,DN,VDLR,VSH,Harbour Line to VSH
PL131,98157,0,HARBOUR,DN,CSMTH,PNVL,Harbour Line to PNVL
PL13,98159,0,HARBOUR,DN,CSMTH,PNVL,Harbour Line to PNVL
GN51,98751,0,CSMTH_GMN,DN,CSMTH,GMN,CSMTH to GMN
PLVD27,98161,0,HARBOUR,DN,VDLR,PNVL,Harbour Line to PNVL
V29,98533,0,HARBOUR,DN,CSMTH,VSH,Harbour Line to VSH
PL135,98163,0,HARBOUR,DN,CSMTH,PNVL,Harbour Line to PNVL
B53,98853,0,CSMTH_GMN,DN,CSMTH,BA,CSMTH to BA
PL137,98165,0,HARBOUR,DN,CSMTH,PNVL,Harbour Line to PNVL
V31,98535,0,HARBOUR,DN,CSMTH,VSH,Harbour Line to VSH
GN53,98753,0,CSMTH_GMN,DN,CSMTH,GMN,CSMTH to GMN
PLVD29,98167,0,HARBOUR,DN,VDLR,PNVL,Harbour Line to PNVL
PL139,98169,0,HARBOUR,DN,CSMTH,PNVL,Harbour Line to PNVL
BR35,98347,0,HARBOUR,DN,CSMTH,BEPR,Harbour Line to BEPR
B55,98855,0,CSMTH_GMN,DN,CSMTH,BA,CSMTH to BA
PL141,98171,0,HARBOUR,DN,CSMTH,PNVL,Harbour Line to PNVL
BR37,98349,0,HARBOUR,DN,CSMTH,BEPR,Harbour Line to BEPR
GN55,98755,0,CSMTH_GMN,DN,CSMTH,GMN,CSMTH to GMN
PLVD31,98173,0,HARBOUR,DN,VDLR,PNVL,Harbour Line to PNVL
V33,98537,0,HARBOUR,DN,CSMTH,VSH,Harbour Line to VSH
PL143,98175,0,HARBOUR,DN,CSMTH,PNVL,Harbour Line to PNVL
B57,98857,0,CSMTH_GMN,DN,CSMTH,BA,CSMTH to BA
PLVD33,98177,0,HARBOUR,DN,VDLR,PNVL,Harbour Line to PNVL
BR39,98351,0,HARBOUR,DN,CSMTH,BEPR,Harbour Line to BEPR
V35,98539,0,HARBOUR,DN,CSMTH,VSH,Harbour Line to VSH
PL145,98179,0,HARBOUR,DN,CSMTH,PNVL,Harbour Line to PNVL
PLVD35,98181,0,HARBOUR,DN,VDLR,PNVL,Harbour Line to PNVL
GN57,98757,0,CSMTH_GMN,DN,CSMTH,GMN,CSMTH to GMN
BR41,98353,0,HARBOUR,DN,CSMTH,BEPR,Harbour Line to BEPR
PL147,98183,0,HARBOUR,DN,CSMTH,PNVL,Harbour Line to PNVL
PLGN9,98909,0,HARBOUR,DN,PNVL,GMN,GMN-PNVL special - check actual route
V37,98541,0,HARBOUR,DN,CSMTH,VSH,Harbour Line to VSH
B59,98859,0,CSMTH_GMN,DN,CSMTH,BA,CSMTH to BA
PL149,98185,0,HARBOUR,DN,CSMTH,PNVL,Harbour Line to PNVL
PLVD37,98187,0,HARBOUR,DN,VDLR,PNVL,Harbour Line to PNVL
GN59,98759,0,CSMTH_GMN,DN,CSMTH,GMN,CSMTH to GMN
V39,98543,0,HARBOUR,DN,CSMTH,VSH,Harbour Line to VSH
PL151,98189,0,HARBOUR,DN,CSMTH,PNVL,Harbour Line to PNVL
PLGN11,98911,0,HARBOUR,DN,PNVL,GMN,GMN-PNVL special - check actual route
B61,98861,0,CSMTH_GMN,DN,CSMTH,BA,CSMTH to BA
V41,98545,0,HARBOUR,DN,CSMTH,VSH,Harbour Line to VSH
PL153,98191,0,HARBOUR,DN,CSMTH,PNVL,Harbour Line to PNVL
BR43,98355,0,HARBOUR,DN,CSMTH,BEPR,Harbour Line to BEPR
GN61,98761,0,CSMTH_GMN,DN,CSMTH,GMN,CSMTH to GMN
PL155,98193,0,HARBOUR,DN,CSMTH,PNVL,Harbour Line to PNVL
PL157,98195,0,HARBOUR,DN,CSMTH,PNVL,Harbour Line to PNVL
V43,98547,0,HARBOUR,DN,CSMTH,VSH,Harbour Line to VSH
PLGN13,98913,0,HARBOUR,DN,PNVL,GMN,GMN-PNVL special - check actual route
B63,98863,0,CSMTH_GMN,DN,CSMTH,BA,CSMTH to BA
PLVD39,98197,0,HARBOUR,DN,VDLR,PNVL,Harbour Line to PNVL
PL159,98199,0,HARBOUR,DN,CSMTH,PNVL,Harbour Line to PNVL
PL161,98201,0,HARBOUR,DN,CSMTH,PNVL,Harbour Line to PNVL
GN63,98763,0,CSMTH_GMN,DN,CSMTH,GMN,CSMTH to GMN
BRVD13,98357,0,HARBOUR,DN,VDLR,BEPR,Harbour Line to BEPR
PL163,98203,0,HARBOUR,DN,CSMTH,PNVL,Harbour Line to PNVL
B65,98865,0,CSMTH_GMN,DN,CSMTH,BA,CSMTH to BA
V45,98549,0,HARBOUR,DN,CSMTH,VSH,Harbour Line to VSH
GN65,98765,0,CSMTH_GMN,DN,CSMTH,GMN,CSMTH to GMN
PL165,98205,0,HARBOUR,DN,CSMTH,PNVL,Harbour Line to PNVL
BR45,98359,0,HARBOUR,DN,CSMTH,BEPR,Harbour Line to BEPR
PL167,98207,0,HARBOUR,DN,CSMTH,PNVL,Harbour Line to PNVL
PLVD41,98209,0,HARBOUR,DN,VDLR,PNVL,Harbour Line to PNVL
GN67,98767,0,CSMTH_GMN,DN,CSMTH,GMN,CSMTH to GMN
BR47,98361,0,HARBOUR,DN,CSMTH,BEPR,Harbour Line to BEPR
PL169,98211,0,HARBOUR,DN,CSMTH,PNVL,Harbour Line to PNVL
PLGN15,98915,0,HARBOUR,DN,PNVL,GMN,GMN-PNVL special - check actual route
B67,98867,0,CSMTH_GMN,DN,CSMTH,BA,CSMTH to BA
V47,98551,0,HARBOUR,DN,CSMTH,VSH,Harbour Line to VSH
PL171,98213,0,HARBOUR,DN,CSMTH,PNVL,Harbour Line to PNVL
BR49,98363,0,HARBOUR,DN,CSMTH,BEPR,Harbour Line to BEPR
GN69,98769,0,CSMTH_GMN,DN,CSMTH,GMN,CSMTH to GMN
PLVD43,98215,0,HARBOUR,DN,VDLR,PNVL,Harbour Line to PNVL
V49,98553,0,HARBOUR,DN,CSMTH,VSH,Harbour Line to VSH
PL173,98217,0,HARBOUR,DN,CSMTH,PNVL,Harbour Line to PNVL
BR51,98365,0,HARBOUR,DN,CSMTH,BEPR,Harbour Line to BEPR
B69,98869,0,CSMTH_GMN,DN,CSMTH,BA,CSMTH to BA
PLVD45,98219,0,HARBOUR,DN,VDLR,PNVL,Harbour Line to PNVL
PL175,98221,0,HARBOUR,DN,CSMTH,PNVL,Harbour Line to PNVL
V51,98555,0,HARBOUR,DN,CSMTH,VSH,Harbour Line to VSH
GN71,98771,0,CSMTH_GMN,DN,CSMTH,GMN,CSMTH to GMN
PL177,98223,0,HARBOUR,DN,CSMTH,PNVL,Harbour Line to PNVL
B71,98871,0,CSMTH_GMN,DN,CSMTH,BA,CSMTH to BA
PLGN17,98917,0,HARBOUR,DN,PNVL,GMN,GMN-PNVL special - check actual route
BR53,98367,0,HARBOUR,DN,CSMTH,BEPR,Harbour Line to BEPR
PL179,98225,0,HARBOUR,DN,CSMTH,PNVL,Harbour Line to PNVL
PLVD47,98227,0,HARBOUR,DN,VDLR,PNVL,Harbour Line to PNVL
GN73,98773,0,CSMTH_GMN,DN,CSMTH,GMN,CSMTH to GMN
V53,98557,0,HARBOUR,DN,CSMTH,VSH,Harbour Line to VSH
WBO1,91491,0,HARBOUR,DN,CSMTH,GMN,Special GMN code pattern
PL181,98229,0,HARBOUR,DN,CSMTH,PNVL,Harbour Line to PNVL
PLVD49,98231,0,HARBOUR,DN,VDLR,PNVL,Harbour Line to PNVL
B73,98873,0,CSMTH_GMN,DN,CSMTH,BA,CSMTH to BA
PL183,98233,0,HARBOUR,DN,CSMTH,PNVL,Harbour Line to PNVL
V55,98559,0,HARBOUR,DN,CSMTH,VSH,Harbour Line to VSH
GN75,98775,0,CSMTH_GMN,DN,CSMTH,GMN,CSMTH to GMN
PL185,98235,0,HARBOUR,DN,CSMTH,PNVL,Harbour Line to PNVL
BR55,98369,0,HARBOUR,DN,CSMTH,BEPR,Harbour Line to BEPR
B75,98875,0,CSMTH_GMN,DN,CSMTH,BA,CSMTH to BA
PLVD51,98237,0,HARBOUR,DN,VDLR,PNVL,Harbour Line to PNVL
V57,98561,0,HARBOUR,DN,CSMTH,VSH,Harbour Line to VSH
PL187,98239,0,HARBOUR,DN,CSMTH,PNVL,Harbour Line to PNVL
GN77,98777,0,CSMTH_GMN,DN,CSMTH,GMN,CSMTH to GMN
BR57,98371,0,HARBOUR,DN,CSMTH,BEPR,Harbour Line to BEPR
PL189,98241,0,HARBOUR,DN,CSMTH,PNVL,Harbour Line to PNVL
B77,98877,0,CSMTH_GMN,DN,CSMTH,BA,CSMTH to BA
V59,98563,0,HARBOUR,DN,CSMTH,VSH,Harbour Line to VSH
PL191,98243,0,HARBOUR,DN,CSMTH,PNVL,Harbour Line to PNVL
BR59,98373,0,HARBOUR,DN,CSMTH,BEPR,Harbour Line to BEPR
GN79,98779,0,CSMTH_GMN,DN,CSMTH,GMN,CSMTH to GMN
PL193,98245,0,HARBOUR,DN,CSMTH,PNVL,Harbour Line to PNVL
B79,98879,0,CSMTH_GMN,DN,CSMTH,BA,CSMTH to BA
V61,98565,0,HARBOUR,DN,CSMTH,VSH,Harbour Line to VSH
PL195,98247,0,HARBOUR,DN,CSMTH,PNVL,Harbour Line to PNVL
GN81,98781,0,CSMTH_GMN,DN,CSMTH,GMN,CSMTH to GMN
V63,98567,0,HARBOUR,DN,CSMTH,VSH,Harbour Line to VSH
PL197,98249,0,HARBOUR,DN,CSMTH,PNVL,Harbour Line to PNVL
B81,98881,0,CSMTH_GMN,DN,CSMTH,BA,CSMTH to BA
V65,98569,0,HARBOUR,DN,CSMTH,VSH,Harbour Line to VSH
PL199,98251,0,HARBOUR,DN,CSMTH,PNVL,Harbour Line to PNVL
GN83,98783,0,CSMTH_GMN,DN,CSMTH,GMN,CSMTH to GMN
PL201,98253,0,HARBOUR,DN,CSMTH,PNVL,Harbour Line to PNVL
B83,98883,0,CSMTH_GMN,DN,CSMTH,BA,CSMTH to BA
PL203,98255,0,HARBOUR,DN,CSMTH,PNVL,Harbour Line to PNVL
V67,98571,0,HARBOUR,DN,CSMTH,VSH,Harbour Line to VSH
GN85,98785,0,CSMTH_GMN,DN,CSMTH,GMN,CSMTH to GMN
PL205,98257,0,HARBOUR,DN,CSMTH,PNVL,Harbour Line to PNVL
B85,98885,0,CSMTH_GMN,DN,CSMTH,BA,CSMTH to BA
V69,98573,0,HARBOUR,DN,CSMTH,VSH,Harbour Line to VSH
GN87,98787,0,CSMTH_GMN,DN,CSMTH,GMN,CSMTH to GMN
PL207,98259,0,HARBOUR,DN,CSMTH,PNVL,Harbour Line to PNVL
V71,98575,0,HARBOUR,DN,CSMTH,VSH,Harbour Line to VSH
TPL2,99002,0,THB_PNVL,UP,PNVL,TNA,Trans-Harbour to PNVL
TPL4,99004,0,THB_PNVL,UP,PNVL,TNA,Trans-Harbour to PNVL
TV2,99402,0,THB_VSH,UP,VSH_THB,TNA,Trans-Harbour to VSH_THB
TPL6,99006,0,THB_PNVL,UP,PNVL,TNA,Trans-Harbour to PNVL
TV4,99404,0,THB_VSH,UP,VSH_THB,TNA,Trans-Harbour to VSH_THB
TV6,99406,0,THB_VSH,UP,VSH_THB,TNA,Trans-Harbour to VSH_THB
TPL8,99008,0,THB_PNVL,UP,PNVL,TNA,Trans-Harbour to PNVL
TNU2,99202,0,THB_NEU,UP,NEU_THB,TNA,Trans-Harbour to NEU_THB
TV8,99408,0,THB_VSH,UP,VSH_THB,TNA,Trans-Harbour to VSH_THB
TPL10,99010,0,THB_PNVL,UP,PNVL,TNA,Trans-Harbour to PNVL
TV10,99410,0,THB_VSH,UP,VSH_THB,TNA,Trans-Harbour to VSH_THB
TPL12,99012,0,THB_PNVL,UP,PNVL,TNA,Trans-Harbour to PNVL
TNU4,99204,0,THB_NEU,UP,NEU_THB,TNA,Trans-Harbour to NEU_THB
TV12,99412,0,THB_VSH,UP,VSH_THB,TNA,Trans-Harbour to VSH_THB
TPL14,99014,0,THB_PNVL,UP,PNVL,TNA,Trans-Harbour to PNVL
TNU6,99206,0,THB_NEU,UP,NEU_THB,TNA,Trans-Harbour to NEU_THB
TV14,99414,0,THB_VSH,UP,VSH_THB,TNA,Trans-Harbour to VSH_THB
TPL16,99016,0,THB_PNVL,UP,PNVL,TNA,Trans-Harbour to PNVL
TV16,99416,0,THB_VSH,UP,VSH_THB,TNA,Trans-Harbour to VSH_THB
TNU8,99208,0,THB_NEU,UP,NEU_THB,TNA,Trans-Harbour to NEU_THB
TPL18,99018,0,THB_PNVL,UP,PNVL,TNA,Trans-Harbour to PNVL
TV18,99418,0,THB_VSH,UP,VSH_THB,TNA,Trans-Harbour to VSH_THB
TNU10,99210,0,THB_NEU,UP,NEU_THB,TNA,Trans-Harbour to NEU_THB
TPL20,99020,0,THB_PNVL,UP,PNVL,TNA,Trans-Harbour to PNVL
TV34,99434,0,THB_VSH,UP,VSH_THB,TNA,Trans-Harbour to VSH_THB
TPL28,99028,0,THB_PNVL,UP,PNVL,TNA,Trans-Harbour to PNVL
TV36,99436,0,THB_VSH,UP,VSH_THB,TNA,Trans-Harbour to VSH_THB
TNU24,99224,0,THB_NEU,UP,NEU_THB,TNA,Trans-Harbour to NEU_THB
TV38,99438,0,THB_VSH,UP,VSH_THB,TNA,Trans-Harbour to VSH_THB
TPL30,99030,0,THB_PNVL,UP,PNVL,TNA,Trans-Harbour to PNVL
TV40,99440,0,THB_VSH,UP,VSH_THB,TNA,Trans-Harbour to VSH_THB
TPL32,99032,0,THB_PNVL,UP,PNVL,TNA,Trans-Harbour to PNVL
TNU16,99216,0,THB_NEU,UP,NEU_THB,TNA,Trans-Harbour to NEU_THB
TV28,99428,0,THB_VSH,UP,VSH_THB,TNA,Trans-Harbour to VSH_THB
TNU18,99218,0,THB_NEU,UP,NEU_THB,TNA,Trans-Harbour to NEU_THB
TV30,99430,0,THB_VSH,UP,VSH_THB,TNA,Trans-Harbour to VSH_THB
TNU20,99220,0,THB_NEU,UP,NEU_THB,TNA,Trans-Harbour to NEU_THB
TPL,99026,0,THB_PNVL,UP,PNVL,TNA,Trans-Harbour to PNVL
TV32,99432,0,THB_VSH,UP,VSH_THB,TNA,Trans-Harbour to VSH_THB
TNU22,99222,0,THB_NEU,UP,NEU_THB,TNA,Trans-Harbour to NEU_THB
TV50,99450,0,THB_VSH,UP,VSH_THB,TNA,Trans-Harbour to VSH_THB
TPL34,99034,0,THB_PNVL,UP,PNVL,TNA,Trans-Harbour to PNVL
TV52,99452,0,THB_VSH,UP,VSH_THB,TNA,Trans-Harbour to VSH_THB
TNU32,99232,0,THB_NEU,UP,NEU_THB,TNA,Trans-Harbour to NEU_THB
TNU34,99234,0,THB_NEU,UP,NEU_THB,TNA,Trans-Harbour to NEU_THB
TV54,99454,0,THB_VSH,UP,VSH_THB,TNA,Trans-Harbour to VSH_THB
TPL36,99036,0,THB_PNVL,UP,PNVL,TNA,Trans-Harbour to PNVL
TV56,99456,0,THB_VSH,UP,VSH_THB,TNA,Trans-Harbour to VSH_THB
TV42,99442,0,THB_VSH,UP,VSH_THB,TNA,Trans-Harbour to VSH_THB
TNU26,99226,0,THB_NEU,UP,NEU_THB,TNA,Trans-Harbour to NEU_THB
TV44,99444,0,THB_VSH,UP,VSH_THB,TNA,Trans-Harbour to VSH_THB
TV46,99446,0,THB_VSH,UP,VSH_THB,TNA,Trans-Harbour to VSH_THB
TNU28,99228,0,THB_NEU,UP,NEU_THB,TNA,Trans-Harbour to NEU_THB
TV48,99448,0,THB_VSH,UP,VSH_THB,TNA,Trans-Harbour to VSH_THB
TNU30,99230,0,THB_NEU,UP,NEU_THB,TNA,Trans-Harbour to NEU_THB
TV64,99464,0,THB_VSH,UP,VSH_THB,TNA,Trans-Harbour to VSH_THB
TV66,99466,0,THB_VSH,UP,VSH_THB,TNA,Trans-Harbour to VSH_THB
TPL42,99042,0,THB_PNVL,UP,PNVL,TNA,Trans-Harbour to PNVL
TV68,99468,0,THB_VSH,UP,VSH_THB,TNA,Trans-Harbour to VSH_THB
TNU42,99242,0,THB_NEU,UP,NEU_THB,TNA,Trans-Harbour to NEU_THB
TPL44,99044,0,THB_PNVL,UP,PNVL,TNA,Trans-Harbour to PNVL
TV70,99470,0,THB_VSH,UP,VSH_THB,TNA,Trans-Harbour to VSH_THB
TNU44,99244,0,THB_NEU,UP,NEU_THB,TNA,Trans-Harbour to NEU_THB
TNU36,99236,0,THB_NEU,UP,NEU_THB,TNA,Trans-Harbour to NEU_THB
TV58,99458,0,THB_VSH,UP,VSH_THB,TNA,Trans-Harbour to VSH_THB
TNU38,99238,0,THB_NEU,UP,NEU_THB,TNA,Trans-Harbour to NEU_THB
TPL38,99038,0,THB_PNVL,UP,PNVL,TNA,Trans-Harbour to PNVL
TV60,99460,0,THB_VSH,UP,VSH_THB,TNA,Trans-Harbour to VSH_THB
TPL40,99040,0,THB_PNVL,UP,PNVL,TNA,Trans-Harbour to PNVL
TV62,99462,0,THB_VSH,UP,VSH_THB,TNA,Trans-Harbour to VSH_THB
TNU40,99240,0,THB_NEU,UP,NEU_THB,TNA,Trans-Harbour to NEU_THB
TV80,99480,0,THB_VSH,UP,VSH_THB,TNA,Trans-Harbour to VSH_THB
TV82,99482,0,THB_VSH,UP,VSH_THB,TNA,Trans-Harbour to VSH_THB
TPL52,99052,0,THB_PNVL,UP,PNVL,TNA,Trans-Harbour to PNVL
TNU48,99248,0,THB_NEU,UP,NEU_THB,TNA,Trans-Harbour to NEU_THB
TV84,99484,0,THB_VSH,UP,VSH_THB,TNA,Trans-Harbour to VSH_THB
TNU50,99250,0,THB_NEU,UP,NEU_THB,TNA,Trans-Harbour to NEU_THB
TPL54,99054,0,THB_PNVL,UP,PNVL,TNA,Trans-Harbour to PNVL
TV86,99486,0,THB_VSH,UP,VSH_THB,TNA,Trans-Harbour to VSH_THB
TPL46,99046,0,THB_PNVL,UP,PNVL,TNA,Trans-Harbour to PNVL
TV72,99472,0,THB_VSH,UP,VSH_THB,TNA,Trans-Harbour to VSH_THB
TV74,99474,0,THB_VSH,UP,VSH_THB,TNA,Trans-Harbour to VSH_THB
TPL48,99048,0,THB_PNVL,UP,PNVL,TNA,Trans-Harbour to PNVL
TV76,99476,0,THB_VSH,UP,VSH_THB,TNA,Trans-Harbour to VSH_THB
TPL50,99050,0,THB_PNVL,UP,PNVL,TNA,Trans-Harbour to PNVL
TV78,99478,0,THB_VSH,UP,VSH_THB,TNA,Trans-Harbour to VSH_THB
TNU46,99246,0,THB_NEU,UP,NEU_THB,TNA,Trans-Harbour to NEU_THB
TV94,99494,0,THB_VSH,UP,VSH_THB,TNA,Trans-Harbour to VSH_THB
TPL60,99060,0,THB_PNVL,UP,PNVL,TNA,Trans-Harbour to PNVL
TNU58,99258,0,THB_NEU,UP,NEU_THB,TNA,Trans-Harbour to NEU_THB
TPL62,99062,0,THB_PNVL,UP,PNVL,TNA,Trans-Harbour to PNVL
TV96,99496,0,THB_VSH,UP,VSH_THB,TNA,Trans-Harbour to VSH_THB
TPL64,99064,0,THB_PNVL,UP,PNVL,TNA,Trans-Harbour to PNVL
TV98,99498,0,THB_VSH,UP,VSH_THB,TNA,Trans-Harbour to VSH_THB
TNU60,99260,0,THB_NEU,UP,NEU_THB,TNA,Trans-Harbour to NEU_THB
TNU52,99252,0,THB_NEU,UP,NEU_THB,TNA,Trans-Harbour to NEU_THB
TPL56,99056,0,THB_PNVL,UP,PNVL,TNA,Trans-Harbour to PNVL
TV88,99488,0,THB_VSH,UP,VSH_THB,TNA,Trans-Harbour to VSH_THB
TPL58,99058,0,THB_PNVL,UP,PNVL,TNA,Trans-Harbour to PNVL
TV90,99490,0,THB_VSH,UP,VSH_THB,TNA,Trans-Harbour to VSH_THB
TNU54,99254,0,THB_NEU,UP,NEU_THB,TNA,Trans-Harbour to NEU_THB
TV92,99492,0,THB_VSH,UP,VSH_THB,TNA,Trans-Harbour to VSH_THB
TNU56,99256,0,THB_NEU,UP,NEU_THB,TNA,Trans-Harbour to NEU_THB
TPL68,99068,0,THB_PNVL,UP,PNVL,TNA,Trans-Harbour to PNVL
TV108,99508,0,THB_VSH,UP,VSH_THB,TNA,Trans-Harbour to VSH_THB
TV110,99510,0,THB_VSH,UP,VSH_THB,TNA,Trans-Harbour to VSH_THB
TPL70,99070,0,THB_PNVL,UP,PNVL,TNA,Trans-Harbour to PNVL
TV112,99512,0,THB_VSH,UP,VSH_THB,TNA,Trans-Harbour to VSH_THB
TNU68,99268,0,THB_NEU,UP,NEU_THB,TNA,Trans-Harbour to NEU_THB
TV100,99500,0,THB_VSH,UP,VSH_THB,TNA,Trans-Harbour to VSH_THB
TNU62,99262,0,THB_NEU,UP,NEU_THB,TNA,Trans-Harbour to NEU_THB
TV102,99502,0,THB_VSH,UP,VSH_THB,TNA,Trans-Harbour to VSH_THB
TPL66,99066,0,THB_PNVL,UP,PNVL,TNA,Trans-Harbour to PNVL
TV104,99504,0,THB_VSH,UP,VSH_THB,TNA,Trans-Harbour to VSH_THB
TNU64,99264,0,THB_NEU,UP,NEU_THB,TNA,Trans-Harbour to NEU_THB
TV106,99506,0,THB_VSH,UP,VSH_THB,TNA,Trans-Harbour to VSH_THB
TNU66,99266,0,THB_NEU,UP,NEU_THB,TNA,Trans-Harbour to NEU_THB
TV114,99514,0,THB_VSH,UP,VSH_THB,TNA,Trans-Harbour to VSH_THB
TPL72,99072,0,THB_PNVL,UP,PNVL,TNA,Trans-Harbour to PNVL
TV116,99516,0,THB_VSH,UP,VSH_THB,TNA,Trans-Harbour to VSH_THB
TV118,99518,0,THB_VSH,UP,VSH_THB,TNA,Trans-Harbour to VSH_THB
TV120,99520,0,THB_VSH,UP,VSH_THB,TNA,Trans-Harbour to VSH_THB
TPL74,99074,0,THB_PNVL,UP,PNVL,TNA,Trans-Harbour to PNVL
TPL1,99001,0,THB_PNVL,DN,TNA,PNVL,Trans-Harbour to PNVL
TPL3,99003,0,THB_PNVL,DN,TNA,PNVL,Trans-Harbour to PNVL
TV1,99401,0,THB_VSH,DN,TNA,VSH_THB,Trans-Harbour to VSH_THB
TNU1,99201,0,THB_NEU,DN,TNA,NEU_THB,Trans-Harbour to NEU_THB
TV3,99403,0,THB_VSH,DN,TNA,VSH_THB,Trans-Harbour to VSH_THB
TV5,99405,0,THB_VSH,DN,TNA,VSH_THB,Trans-Harbour to VSH_THB
TPL5,99005,0,THB_PNVL,DN,TNA,PNVL,Trans-Harbour to PNVL
TNU3,99203,0,THB_NEU,DN,TNA,NEU_THB,Trans-Harbour to NEU_THB
TV7,99407,0,THB_VSH,DN,TNA,VSH_THB,Trans-Harbour to VSH_THB
TNU5,99205,0,THB_NEU,DN,TNA,NEU_THB,Trans-Harbour to NEU_THB
TV9,99409,0,THB_VSH,DN,TNA,VSH_THB,Trans-Harbour to VSH_THB
TPL7,99007,0,THB_PNVL,DN,TNA,PNVL,Trans-Harbour to PNVL
TV11,99411,0,THB_VSH,DN,TNA,VSH_THB,Trans-Harbour to VSH_THB
TNU7,99207,0,THB_NEU,DN,TNA,NEU_THB,Trans-Harbour to NEU_THB
TV13,99413,0,THB_VSH,DN,TNA,VSH_THB,Trans-Harbour to VSH_THB
TNU9,99209,0,THB_NEU,DN,TNA,NEU_THB,Trans-Harbour to NEU_THB
TV15,99415,0,THB_VSH,DN,TNA,VSH_THB,Trans-Harbour to VSH_THB
TPL9,99009,0,THB_PNVL,DN,TNA,PNVL,Trans-Harbour to PNVL
TV17,99417,0,THB_VSH,DN,TNA,VSH_THB,Trans-Harbour to VSH_THB
TNU11,99211,0,THB_NEU,DN,TNA,NEU_THB,Trans-Harbour to NEU_THB
TV19,99419,0,THB_VSH,DN,TNA,VSH_THB,Trans-Harbour to VSH_THB
TNU13,99213,0,THB_NEU,DN,TNA,NEU_THB,Trans-Harbour to NEU_THB
TV21,99421,0,THB_VSH,DN,TNA,VSH_THB,Trans-Harbour to VSH_THB
TPL11,99011,0,THB_PNVL,DN,TNA,PNVL,Trans-Harbour to PNVL
TNU15,99215,0,THB_NEU,DN,TNA,NEU_THB,Trans-Harbour to NEU_THB
TV23,99423,0,THB_VSH,DN,TNA,VSH_THB,Trans-Harbour to VSH_THB
TNU17,99217,0,THB_NEU,DN,TNA,NEU_THB,Trans-Harbour to NEU_THB
TPL13,99013,0,THB_PNVL,DN,TNA,PNVL,Trans-Harbour to PNVL
TNU19,99219,0,THB_NEU,DN,TNA,NEU_THB,Trans-Harbour to NEU_THB
TV27,99427,0,THB_VSH,DN,TNA,VSH_THB,Trans-Harbour to VSH_THB
TPL15,99015,0,THB_PNVL,DN,TNA,PNVL,Trans-Harbour to PNVL
TNU21,99221,0,THB_NEU,DN,TNA,NEU_THB,Trans-Harbour to NEU_THB
TV29,99429,0,THB_VSH,DN,TNA,VSH_THB,Trans-Harbour to VSH_THB
TPL17,99017,0,THB_PNVL,DN,TNA,PNVL,Trans-Harbour to PNVL
TV31,99431,0,THB_VSH,DN,TNA,VSH_THB,Trans-Harbour to VSH_THB
TNU23,99223,0,THB_NEU,DN,TNA,NEU_THB,Trans-Harbour to NEU_THB
TV33,99433,0,THB_VSH,DN,TNA,VSH_THB,Trans-Harbour to VSH_THB
TV35,99435,0,THB_VSH,DN,TNA,VSH_THB,Trans-Harbour to VSH_THB
TPL19,99019,0,THB_PNVL,DN,TNA,PNVL,Trans-Harbour to PNVL
TV37,99437,0,THB_VSH,DN,TNA,VSH_THB,Trans-Harbour to VSH_THB
TNU25,99225,0,THB_NEU,DN,TNA,NEU_THB,Trans-Harbour to NEU_THB
TV39,99439,0,THB_VSH,DN,TNA,VSH_THB,Trans-Harbour to VSH_THB
TPL21,99021,0,THB_PNVL,DN,TNA,PNVL,Trans-Harbour to PNVL
TV41,99441,0,THB_VSH,DN,TNA,VSH_THB,Trans-Harbour to VSH_THB
TNU27,99227,0,THB_NEU,DN,TNA,NEU_THB,Trans-Harbour to NEU_THB
TV43,99443,0,THB_VSH,DN,TNA,VSH_THB,Trans-Harbour to VSH_THB
TNU29,99229,0,THB_NEU,DN,TNA,NEU_THB,Trans-Harbour to NEU_THB
TV45,99445,0,THB_VSH,DN,TNA,VSH_THB,Trans-Harbour to VSH_THB
TPL23,99023,0,THB_PNVL,DN,TNA,PNVL,Trans-Harbour to PNVL
TV47,99447,0,THB_VSH,DN,TNA,VSH_THB,Trans-Harbour to VSH_THB
TNU31,99231,0,THB_NEU,DN,TNA,NEU_THB,Trans-Harbour to NEU_THB
TV49,99449,0,THB_VSH,DN,TNA,VSH_THB,Trans-Harbour to VSH_THB
TNU33,99233,0,THB_NEU,DN,TNA,NEU_THB,Trans-Harbour to NEU_THB
TV51,99451,0,THB_VSH,DN,TNA,VSH_THB,Trans-Harbour to VSH_THB
TPL25,99025,0,THB_PNVL,DN,TNA,PNVL,Trans-Harbour to PNVL
TV53,99453,0,THB_VSH,DN,TNA,VSH_THB,Trans-Harbour to VSH_THB
TNU35,99235,0,THB_NEU,DN,TNA,NEU_THB,Trans-Harbour to NEU_THB
TPL27,99027,0,THB_PNVL,DN,TNA,PNVL,Trans-Harbour to PNVL
TV55,99455,0,THB_VSH,DN,TNA,VSH_THB,Trans-Harbour to VSH_THB
TNU37,99237,0,THB_NEU,DN,TNA,NEU_THB,Trans-Harbour to NEU_THB
TV57,99457,0,THB_VSH,DN,TNA,VSH_THB,Trans-Harbour to VSH_THB
TPL29,99029,0,THB_PNVL,DN,TNA,PNVL,Trans-Harbour to PNVL
TNU39,99239,0,THB_NEU,DN,TNA,NEU_THB,Trans-Harbour to NEU_THB
TV59,99459,0,THB_VSH,DN,TNA,VSH_THB,Trans-Harbour to VSH_THB
TPL31,99031,0,THB_PNVL,DN,TNA,PNVL,Trans-Harbour to PNVL
TV61,99461,0,THB_VSH,DN,TNA,VSH_THB,Trans-Harbour to VSH_THB
TPL33,99033,0,THB_PNVL,DN,TNA,PNVL,Trans-Harbour to PNVL
TV63,99463,0,THB_VSH,DN,TNA,VSH_THB,Trans-Harbour to VSH_THB
TNU41,99241,0,THB_NEU,DN,TNA,NEU_THB,Trans-Harbour to NEU_THB
TPL35,99035,0,THB_PNVL,DN,TNA,PNVL,Trans-Harbour to PNVL
TV65,99465,0,THB_VSH,DN,TNA,VSH_THB,Trans-Harbour to VSH_THB
TNU43,99243,0,THB_NEU,DN,TNA,NEU_THB,Trans-Harbour to NEU_THB
TV67,99467,0,THB_VSH,DN,TNA,VSH_THB,Trans-Harbour to VSH_THB
TV69,99469,0,THB_VSH,DN,TNA,VSH_THB,Trans-Harbour to VSH_THB
TPL37,99037,0,THB_PNVL,DN,TNA,PNVL,Trans-Harbour to PNVL
TV71,99471,0,THB_VSH,DN,TNA,VSH_THB,Trans-Harbour to VSH_THB
TV73,99473,0,THB_VSH,DN,TNA,VSH_THB,Trans-Harbour to VSH_THB
TPL39,99039,0,THB_PNVL,DN,TNA,PNVL,Trans-Harbour to PNVL
TNU45,99245,0,THB_NEU,DN,TNA,NEU_THB,Trans-Harbour to NEU_THB
TV75,99475,0,THB_VSH,DN,TNA,VSH_THB,Trans-Harbour to VSH_THB
TPL41,99041,0,THB_PNVL,DN,TNA,PNVL,Trans-Harbour to PNVL
TV77,99477,0,THB_VSH,DN,TNA,VSH_THB,Trans-Harbour to VSH_THB
TNU47,99247,0,THB_NEU,DN,TNA,NEU_THB,Trans-Harbour to NEU_THB
TV79,99479,0,THB_VSH,DN,TNA,VSH_THB,Trans-Harbour to VSH_THB
TNU49,99249,0,THB_NEU,DN,TNA,NEU_THB,Trans-Harbour to NEU_THB
TPL43,99043,0,THB_PNVL,DN,TNA,PNVL,Trans-Harbour to PNVL
TV81,99481,0,THB_VSH,DN,TNA,VSH_THB,Trans-Harbour to VSH_THB
TNU51,99251,0,THB_NEU,DN,TNA,NEU_THB,Trans-Harbour to NEU_THB
TV83,99483,0,THB_VSH,DN,TNA,VSH_THB,Trans-Harbour to VSH_THB
TPL45,99045,0,THB_PNVL,DN,TNA,PNVL,Trans-Harbour to PNVL
TV85,99485,0,THB_VSH,DN,TNA,VSH_THB,Trans-Harbour to VSH_THB
TPL47,99047,0,THB_PNVL,DN,TNA,PNVL,Trans-Harbour to PNVL
TNU53,99253,0,THB_NEU,DN,TNA,NEU_THB,Trans-Harbour to NEU_THB
TV87,99487,0,THB_VSH,DN,TNA,VSH_THB,Trans-Harbour to VSH_THB
TNU55,99255,0,THB_NEU,DN,TNA,NEU_THB,Trans-Harbour to NEU_THB
TPL49,99049,0,THB_PNVL,DN,TNA,PNVL,Trans-Harbour to PNVL
TV89,99489,0,THB_VSH,DN,TNA,VSH_THB,Trans-Harbour to VSH_THB
TNU57,99257,0,THB_NEU,DN,TNA,NEU_THB,Trans-Harbour to NEU_THB
TV91,99491,0,THB_VSH,DN,TNA,VSH_THB,Trans-Harbour to VSH_THB
TPL51,99051,0,THB_PNVL,DN,TNA,PNVL,Trans-Harbour to PNVL
TV93,99493,0,THB_VSH,DN,TNA,VSH_THB,Trans-Harbour to VSH_THB
TNU59,99259,0,THB_NEU,DN,TNA,NEU_THB,Trans-Harbour to NEU_THB
TV95,99495,0,THB_VSH,DN,TNA,VSH_THB,Trans-Harbour to VSH_THB
TNU61,99261,0,THB_NEU,DN,TNA,NEU_THB,Trans-Harbour to NEU_THB
TPL53,99053,0,THB_PNVL,DN,TNA,PNVL,Trans-Harbour to PNVL
TV97,99497,0,THB_VSH,DN,TNA,VSH_THB,Trans-Harbour to VSH_THB
TPL55,99055,0,THB_PNVL,DN,TNA,PNVL,Trans-Harbour to PNVL
TV99,99499,0,THB_VSH,DN,TNA,VSH_THB,Trans-Harbour to VSH_THB
TPL57,99057,0,THB_PNVL,DN,TNA,PNVL,Trans-Harbour to PNVL
TNU63,99263,0,THB_NEU,DN,TNA,NEU_THB,Trans-Harbour to NEU_THB
TV101,99501,0,THB_VSH,DN,TNA,VSH_THB,Trans-Harbour to VSH_THB
TNU65,99265,0,THB_NEU,DN,TNA,NEU_THB,Trans-Harbour to NEU_THB
TV103,99503,0,THB_VSH,DN,TNA,VSH_THB,Trans-Harbour to VSH_THB
TPL59,99059,0,THB_PNVL,DN,TNA,PNVL,Trans-Harbour to PNVL
TV105,99505,0,THB_VSH,DN,TNA,VSH_THB,Trans-Harbour to VSH_THB
TPL61,99061,0,THB_PNVL,DN,TNA,PNVL,Trans-Harbour to PNVL
TV107,99507,0,THB_VSH,DN,TNA,VSH_THB,Trans-Harbour to VSH_THB
TNU67,99267,0,THB_NEU,DN,TNA,NEU_THB,Trans-Harbour to NEU_THB
TPL63,99063,0,THB_PNVL,DN,TNA,PNVL,Trans-Harbour to PNVL
TV109,99509,0,THB_VSH,DN,TNA,VSH_THB,Trans-Harbour to VSH_THB
TPL65,99065,0,THB_PNVL,DN,TNA,PNVL,Trans-Harbour to PNVL
TV111,99511,0,THB_VSH,DN,TNA,VSH_THB,Trans-Harbour to VSH_THB
TPL67,99067,0,THB_PNVL,DN,TNA,PNVL,Trans-Harbour to PNVL
TV113,99513,0,THB_VSH,DN,TNA,VSH_THB,Trans-Harbour to VSH_THB
TV115,99515,0,THB_VSH,DN,TNA,VSH_THB,Trans-Harbour to VSH_THB
TPL69,99069,0,THB_PNVL,DN,TNA,PNVL,Trans-Harbour to PNVL
TV117,99517,0,THB_VSH,DN,TNA,VSH_THB,Trans-Harbour to VSH_THB
TPL71,99071,0,THB_PNVL,DN,TNA,PNVL,Trans-Harbour to PNVL
TPL73,99073,0,THB_PNVL,DN,TNA,PNVL,Trans-Harbour to PNVL
TV119,99519,0,THB_VSH,DN,TNA,VSH_THB,Trans-Harbour to VSH_THB
UBR1,99701,0,PORT,DN,URAN,BEPR,Port Line to BEPR
UBR3,99703,0,PORT,DN,URAN,BEPR,Port Line to BEPR
UBR5,99705,0,PORT,DN,URAN,BEPR,Port Line to BEPR
UBR7,99707,0,PORT,DN,URAN,BEPR,Port Line to BEPR
UBR9,99709,0,PORT,DN,URAN,BEPR,Port Line to BEPR
UBR11,99711,0,PORT,DN,URAN,BEPR,Port Line to BEPR
UBR13,99713,0,PORT,DN,URAN,BEPR,Port Line to BEPR
UBR15,99715,0,PORT,DN,URAN,BEPR,Port Line to BEPR
UBR17,99717,0,PORT,DN,URAN,BEPR,Port Line to BEPR
UBR19,99719,0,PORT,DN,URAN,BEPR,Port Line to BEPR
UNU1,99601,0,PORT,DN,URAN,NEU,Port Line to NEU
UNU3,99603,0,PORT,DN,URAN,NEU,Port Line to NEU
UNU5,99605,0,PORT,DN,URAN,NEU,Port Line to NEU
UNU7,99607,0,PORT,DN,URAN,NEU,Port Line to NEU
UNU9,99609,0,PORT,DN,URAN,NEU,Port Line to NEU
UNU11,99611,0,PORT,DN,URAN,NEU,Port Line to NEU
UNU13,99613,0,PORT,DN,URAN,NEU,Port Line to NEU
UNU15,99615,0,PORT,DN,URAN,NEU,Port Line to NEU
UNU17,99617,0,PORT,DN,URAN,NEU,Port Line to NEU
UNU19,99619,0,PORT,DN,URAN,NEU,Port Line to NEU
UBR2,99702,0,PORT,UP,BEPR,URAN,Port Line to BEPR
UBR4,99704,0,PORT,UP,BEPR,URAN,Port Line to BEPR
UBR6,99706,0,PORT,UP,BEPR,URAN,Port Line to BEPR
UBR8,99708,0,PORT,UP,BEPR,URAN,Port Line to BEPR
UBR10,99710,0,PORT,UP,BEPR,URAN,Port Line to BEPR
UBR12,99712,0,PORT,UP,BEPR,URAN,Port Line to BEPR
UBR14,99714,0,PORT,UP,BEPR,URAN,Port Line to BEPR
UBR16,99716,0,PORT,UP,BEPR,URAN,Port Line to BEPR
UBR18,99718,0,PORT,UP,BEPR,URAN,Port Line to BEPR
UBR20,99720,0,PORT,UP,BEPR,URAN,Port Line to BEPR
UNU2,99602,0,PORT,UP,NEU,URAN,Port Line to NEU
UNU4,99604,0,PORT,UP,NEU,URAN,Port Line to NEU
UNU6,99606,0,PORT,UP,NEU,URAN,Port Line to NEU
UNU8,99608,0,PORT,UP,NEU,URAN,Port Line to NEU
UNU10,99610,0,PORT,UP,NEU,URAN,Port Line to NEU
UNU12,99612,0,PORT,UP,NEU,URAN,Port Line to NEU
UNU14,99614,0,PORT,UP,NEU,URAN,Port Line to NEU
UNU16,99616,0,PORT,UP,NEU,URAN,Port Line to NEU
UNU18,99618,0,PORT,UP,NEU,URAN,Port Line to NEU
UNU20,99620,0,PORT,UP,NEU,URAN,Port Line to NEU
PL11,98013,0,HARBOUR,DN,CSMTH,PNVL,Harbour Line to PNVL
PL13,98015,0,HARBOUR,DN,CSMTH,PNVL,Harbour Line to PNVL
PL15,98017,0,HARBOUR,DN,CSMTH,PNVL,Harbour Line to PNVL
GN5,98705,0,CSMTH_GMN,DN,CSMTH,GMN,CSMTH to GMN
GN7,98707,0,CSMTH_GMN,DN,CSMTH,GMN,CSMTH to GMN
PL17,98019,0,HARBOUR,DN,CSMTH,PNVL,Harbour Line to PNVL
B5,98805,0,CSMTH_GMN,DN,CSMTH,BA,CSMTH to BA
PL71,98085,0,HARBOUR,DN,CSMTH,PNVL,Harbour Line to PNVL
PLVD15,98087,0,HARBOUR,DN,VDLR,PNVL,Harbour Line to PNVL
SKP2,96002,1,SE,UP,KHPI,KJT,
KP2,95002,2,SE,UP,KHPI,CSMT,
SKP4,96004,1,SE,UP,KHPI,KJT,
KP4,95004,2,SE,UP,KHPI,CSMT,
SKP6,96006,1,SE,UP,KHPI,KJT,
KP6,95006,2,SE,UP,KHPI,CSMT,
SKP8,96008,1,SE,UP,KHPI,KJT,
SKP10,96010,1,SE,UP,KHPI,KJT,
SKP12,96012,1,SE,UP,KHPI,KJT,
KP8,95008,2,SE,UP,KHPI,CSMT,
SKP14,96014,1,SE,UP,KHPI,KJT,
KP10,95010,2,SE,UP,KHPI,CSMT,
KP12,95012,2,SE,UP,KHPI,CSMT,
SKP16,96016,1,SE,UP,KHPI,KJT,
SKP18,96018,1,SE,UP,KHPI,KJT,
KP14,96020,1,SE,UP,KHPI,CSMT,
SKP20,96022,1,SE,UP,KHPI,KJT,
SKP1,96001,1,SE,DN,KJT,KHPI,
KP1,95001,2,SE,DN,CSMT,KHPI,
SKP3,96003,1,SE,DN,KJT,KHPI,
KP3,95003,2,SE,DN,CSMT,KHPI,
SKP5,96005,1,SE,DN,KJT,KHPI,
SKP7,96007,1,SE,DN,KJT,KHPI,
SKP9,96009,1,SE,DN,KJT,KHPI,
KP5,95005,2,SE,DN,CSMT,KHPI,
SKP11,96011,1,SE,DN,KJT,KHPI,
KP7,95007,2,SE,DN,CSMT,KHPI,
KP9,95009,2,SE,DN,CSMT,KHPI,
SKP13,96013,1,SE,DN,KJT,KHPI,
SKP15,96015,1,SE,DN,KJT,KHPI,
KP11,95011,2,SE,DN,CSMT,KHPI,
KP13,95013,2,SE,DN,CSMT,KHPI,
KP15,96019,1,SE,DN,CSMT,KHPI,
KP17,95015,2,SE,DN,CSMT,KHPI,
TPL24,99024,0,THB_PNVL,UP,PNVL,TNA,Trans-Harbour to PNVL
TPL22,99022,0,THB_PNVL,UP,PNVL,TNA,Trans-Harbour to PNVL
V15,98517,0,HARBOUR,DN,CSMTH,VSH,Harbour Line to VSH
V17,98519,0,HARBOUR,DN,CSMTH,VSH,Harbour Line to VSH
TNU12,99212,0,THB_NEU,UP,NEU_THB,TNA,Trans-Harbour to NEU_THB
TNU14,99214,0,THB_NEU,UP,NEU_THB,TNA,Trans-Harbour to NEU_THB
TV22,99422,0,THB_VSH,UP,VSH_THB,TNA,Trans-Harbour to VSH_THB
TV24,99424,0,THB_VSH,UP,VSH_THB,TNA,Trans-Harbour to VSH_THB
TV26,99426,0,THB_VSH,UP,VSH_THB,TNA,Trans-Harbour to VSH_THB
GN29,98729,0,CSMTH_GMN,DN,CSMTH,GMN,CSMTH to GMN
BR19,98325,0,HARBOUR,DN,CSMTH,BEPR,Harbour Line to BEPR
PL73,98089,0,HARBOUR,DN,CSMTH,PNVL,Harbour Line to PNVL
TV20,99420,0,THB_VSH,UP,VSH_THB,TNA,Trans-Harbour to VSH_THB
TV25,99425,0,THB_VSH,DN,TNA,VSH_THB,Trans-Harbour to VSH_THB
TPL26,99026,0,THB_PNVL,UP,PNVL,TNA,Trans-Harbour to PNVL
PK10,97038,1,MAIN,UP,KYN,PR,
T50,97342,1,MAIN,UP,TNA,CSMT,
BL14,96210,1,SE,UP,BUD,CSMT,
