Record Number,CSMTH,MSDH,SNRDH,DKRD,RRD,CTGN,SVE,VDLR,GTBN,CHF,CLA,TKNG,CMBR,GV,MNKD,VSH,SNPD,JNJ,NEU,SWDV,BEPR,KHAG,MANR,KNDS,PNVL
1,0,1256,1104,693,1259,1050,1784,2124,2574,1587,2042,1254,1252,1644,2021,7484,1177,1883,2484,1408,2405,2342,2923,1908,3290
2,0,1259,1105,695,1259,1051,1785,2125,2572,1588,2042,1256,1255,1639,2020,7483,1178,1880,2487,1408,2405,2339,2920,1909,3287
3,0,1264,1102,696,1258,1050,1782,2126,2573,1588,2040,1254,1255,1640,2023,7482,1174,1885,2487,1407,2405,2340,2923,1907,3287
4,0,1259,1100,692,1252,1046,1776,2115,2555,1581,2029,1248,1245,1633,2011,7445,1176,1877,2481,1399,2395,2342,2920,1910,3292
5,0,1265,1102,695,1258,1048,1784,2126,2570,1589,2041,1253,1254,1641,2024,7483,1174,1883,2487,1407,2407,2341,2921,1906,3288
6,0,1264,1100,696,1258,1048,1783,2125,2573,1587,2040,1256,1252,1642,2023,7485,1176,1885,2485,1405,2407,2343,2923,1906,3286
7,0,1264,1103,695,1258,1048,1783,2126,2571,1588,2039,1256,1252,1642,2021,7482,1176,1883,2483,1406,2406,2340,2920,1908,3285
8,0,1264,1103,696,1259,1051,1784,2125,2573,1588,2042,1255,1254,1642,2022,7485,1176,1883,2485,1407,2409,2342,2923,1905,3288
9,0,1264,1104,694,1257,1049,1783,2127,2570,1587,2042,1254,1253,1642,2021,7480,1175,1883,2484,1405,2405,2342,2921,1905,3286
10,0,1258,1101,691,1252,1045,1774,2114,2559,1578,2030,1248,1245,1634,2011,7447,1174,1879,2479,1400,2397,,,,
11,0,1261,1098,693,1252,1045,1774,2113,,,,,,,,,,,,,,,,,
12,0,1259,1100,692,1252,1046,1776,2115,2555,1581,2029,1248,1245,1633,2011,7445,1176,1877,2481,1399,2395,,,,
13,0,1258,1102,688,1250,1048,1774,2113,2559,1577,2028,1248,1246,1629,2014,7446,1173,1878,2477,1399,2393,2330,2914,1902,3283
14,0,1257,1097,693,1251,1047,1774,2115,,,,,,,,,,,,,,,,,
15,0,,,,,,,,2623,1577,2031,1248,1245,1632,2012,7446,1173,1876,2479,1400,2395,,,,
16,0,1252,1098,692,1252,1045,1775,2114,2556,1582,2025,1250,1245,1633,2012,7447,1174,1878,2479,1401,2389,2334,2914,1903,3279
17,0,1260,1097,691,1253,1046,1773,2115,2557,1579,2028,1248,1246,1632,2012,7447,,,,,,,,,
18,0,,,690,1252,1048,1770,2118,2559,1581,2029,1252,1245,1635,2011,7449,1168,1877,2479,1403,2389,2334,2914,1904,3281
19,0,,,,,,,,2624,1578,2031,1249,1247,1636,2010,7451,1173,1880,2474,1401,2400,,,,
20,0,1259,1101,690,1253,1047,1773,2117,2547,1581,2031,1251,1246,1632,2014,7449,1174,1877,2479,1402,2392,2333,2913,1903,3274
21,0,1252,1098,694,1253,1047,1772,2117,2560,1578,2027,1248,1248,,,,,,,,,,,,
22,0,1252,1099,693,1252,1046,1774,2117,2559,1581,2030,1250,1247,1621,2010,7453,1184,,,,,,,,
23,0,1255,1101,694,1254,1049,1779,2121,2564,1584,2032,1254,1247,1636,2018,7469,1176,1884,2483,1405,2398,2339,2920,1906,3288
24,0,1262,1103,693,1256,1048,1778,2118,,,,,,,,,,,,,,,,,
25,0,1263,1102,695,1256,1049,1776,2122,2566,1584,2035,1254,1252,1638,2017,7476,1176,1881,2486,1406,2399,2340,2923,1906,3287
26,0,1262,1100,695,1256,1050,1776,2120,2567,1586,2035,1252,1253,1638,2016,7472,1177,1881,2484,1404,2401,2341,2919,1908,3283
27,0,1264,1100,696,1256,1049,1776,2122,2567,1586,2036,1253,1252,1638,2019,7472,,,,,,,,,
28,0,1256,1101,695,1256,1048,1777,2122,,,,,,,,,,,,,,,,,
29,0,1264,1100,693,1256,1048,1778,2124,2564,1587,2035,1253,1250,1640,2016,7471,1179,1883,2486,1405,2399,2340,2921,1908,3289
30,0,1256,1100,695,1255,1049,1777,2121,2567,1584,2036,1253,1251,1640,2016,7470,1178,1882,2484,1405,2399,2341,2919,1908,3289
31,0,1255,1101,695,1255,1049,1777,2120,,,,,,,,,,,,,,,,,
32,0,1260,1103,694,1255,1050,1777,2122,,,,,,,,,,,,,,,,,
33,0,,,,,,,,,1567,2034,1252,1253,1638,2019,7470,1175,1882,2484,1405,2400,2340,2921,1907,3287
34,0,1256,1100,695,1254,1051,1777,2122,,,,,,,,,,,,,,,,,
35,0,1262,1103,692,1257,1049,1777,2122,2567,1584,2036,1254,1252,1639,2017,7473,1177,1882,2484,1405,2401,2338,2922,1908,3286
36,0,1262,1100,695,1257,1047,1776,2122,2567,1583,2038,1252,1250,1641,2016,7474,,,,,,,,,
37,0,1258,1100,695,1256,1049,1776,2122,2566,1585,2034,1255,1251,1639,2017,7472,1177,1881,2486,1404,2401,2340,2922,1907,3288
38,0,,,,,,,,2631,1585,2037,1252,1253,1638,2015,7472,1177,1883,2483,1406,2398,2340,2922,1901,3288
39,0,1263,1101,694,1256,1049,1778,2119,2570,1584,2034,1252,1252,1638,2016,7475,1178,1882,2486,1404,2400,2342,2922,1906,3291
40,0,,,,,,,,2623,1582,2028,1246,1245,1635,2011,7450,,,,,,,,,
41,0,,,,,,,,2623,1581,2029,1248,1247,1633,2013,7450,1176,1878,2480,1399,2394,2333,2916,1903,3281
42,0,1253,1097,693,1253,1046,1776,2114,,,,,,,,,,,,,,,,,
43,0,1262,1096,693,1253,1047,1774,2114,,,,,,,,,,,,,,,,,
44,0,1262,1097,693,1252,1045,1775,2115,,,,,,,,,,,,,,,,,
45,0,1260,1100,691,1253,1047,1774,2115,2558,1582,2026,1248,1248,1632,2012,7444,1177,1876,2481,1401,2389,2333,2914,1902,3279
46,0,1259,1098,693,1250,1048,1772,2115,2559,1580,2027,1249,1246,1633,2010,7445,,,,,,,,,
47,0,,,,,,,,2623,1580,2029,1251,1246,1634,2013,7453,1175,1878,2478,1403,2391,2334,2916,1904,3278
48,0,,,,,,,,2624,1580,2028,1250,1247,1633,2013,7448,1176,1878,2478,1401,2393,2332,2916,1904,3278
49,0,,,,,,,,2623,1580,2029,1250,1246,1635,2011,7450,1174,1878,2478,1401,2392,2335,2913,1904,3278
50,0,1255,1099,691,1252,1046,1776,2111,,,,,,,,,,,,,,,,,
51,0,1255,1097,695,1251,1047,1774,2115,,,,,,,,,,,,,,,,,
52,0,1262,1101,690,1253,1047,1765,2114,2560,1581,2028,1250,1245,1634,2011,7450,1175,1877,2483,1402,2391,2333,2916,1904,3279
53,0,1251,1099,692,1254,1045,1774,2115,,,,,,,,,,,,,,,,,
54,0,1252,1099,692,1253,1046,1774,2115,2560,1577,2027,1250,1246,1635,2012,7454,,,,,,,,,
55,0,,,,,,,,,,2035,1253,1253,1642,2019,7475,1177,1885,2488,1403,2400,2341,2922,1906,3292
56,0,1253,1101,693,1252,1046,1774,2118,2562,1578,2031,1251,1247,1634,2014,7453,1175,1879,2480,1403,2398,,,,
57,0,1261,1098,694,1252,1047,1773,2118,2561,1579,2031,1249,1248,1635,2013,7458,1173,1878,2482,1401,2393,2336,2918,1905,3281
58,0,1252,1100,693,1253,1047,1775,2115,2562,1577,2030,1252,1246,1635,2013,7452,1174,1878,2483,1398,2394,2333,2916,1904,3284
59,0,1261,1101,692,1253,1047,1774,2116,2559,1581,2030,1250,1247,1634,2014,7450,1177,1880,2481,1401,2397,,,,
60,0,1258,1099,693,1253,1048,1775,2117,2561,1578,2030,1251,1242,1637,2014,7459,,,,,,,,,
61,0,1253,1100,693,1252,1047,1776,2117,,,,,,,,,,,,,,,,,
62,0,1252,1100,694,1253,1046,1776,2116,2560,1580,2029,1250,1247,1636,2012,7460,,,,,,,,,
63,0,,,,,,,,2623,1582,2031,1249,1248,1634,2014,7453,1175,1882,2480,1401,2393,2335,2919,1906,3282
64,0,1258,1099,693,1256,1044,1771,2116,2559,1580,2030,1252,1247,1634,2014,7456,1176,1879,2482,1401,2393,2335,2916,1906,3283
65,0,1254,1100,692,1254,1046,1775,2121,,,,,,,,,,,,,,,,,
66,0,1254,1099,693,1254,1046,1775,2119,2553,1582,2030,1250,1247,1634,2014,7449,1177,1880,2483,1399,2397,2331,2914,1908,3286
67,0,1259,1099,694,1252,1047,1778,2113,2561,1579,2030,1250,1247,1634,2012,7453,1174,1883,2481,1400,2394,2335,2916,1904,3285
68,0,1253,1099,694,1253,1047,1774,2116,,,,,,,,,,,,,,,,,
69,0,1259,1101,692,1254,1048,1774,2117,,,,,,,,,,,,,,,,,
70,0,,,,,,,,2612,1581,2030,1251,1248,1631,2014,7453,1175,1880,2480,1402,2393,2337,2916,1904,3284
71,0,1259,1097,693,1252,1049,1775,2115,2562,1579,2031,1251,1246,1635,2014,7458,,,,,,,,,
72,0,1253,1100,694,1252,1048,1774,2117,2558,1583,2029,1250,1249,1633,2013,7452,1177,1879,2481,1405,2394,2334,2916,1906,3280
73,0,,,,,,,,,,,,,,,,,,2487,1403,2394,2337,2915,1906,3282
74,0,,,,,1053,1780,2127,2572,1596,2039,1257,1256,1645,2020,7491,1175,1884,2488,1408,2411,,,,
75,0,,,,,,,,2638,1588,2042,1258,1253,1644,2022,7492,1177,1884,2483,1410,2407,2342,2922,1906,3287
76,0,1266,1101,698,1259,1050,1782,2127,,,,,,,,,,,,,,,,,
77,0,,,,,,,,2627,1590,2044,1259,1254,1645,2024,7494,1179,1886,2487,1409,2407,2346,2925,1910,3295
78,0,1260,1105,695,1259,1052,1781,2127,2574,1589,2043,1257,1256,1646,2024,7495,1177,1887,2487,1410,2409,2341,2926,1903,3293
79,0,1266,1103,698,1258,1052,1782,2130,2573,1588,2045,1256,1256,,,,,,,,,,,,
80,0,1264,1105,696,1260,1051,1782,2131,,,,,,,,,,,,,,,,,
81,0,1258,1106,697,1259,1053,1781,2130,2577,1588,2044,1258,1255,1645,2024,7495,1178,1886,2488,1409,2409,2344,2925,1908,3288
82,0,1268,1103,697,1258,1053,1780,2130,,,,,,,,,,,,,,,,,
83,0,1263,1102,697,1259,1053,1782,2129,2576,1592,2043,1257,1255,1647,2021,7497,1179,1885,2489,1409,2408,2347,2928,1908,3292
84,0,1258,1104,697,1259,1053,1782,2130,2576,1588,2039,1258,1254,1647,2022,7498,1176,1884,2487,1408,2412,,,,
85,0,1257,1103,699,1259,1050,1780,2130,2574,1590,2042,1258,1256,1645,2019,7492,,,,,,,,,
86,0,1258,1102,696,1258,1051,1780,2128,,,,,,,,,,,,,,,,,
87,0,1266,1105,696,1257,1051,1782,2128,,,,,,,,,,,,,,,,,
88,0,1265,1104,696,1259,1051,1781,2129,2576,1588,2042,1258,1254,1646,2023,7498,1179,1884,2489,1409,2407,2334,2925,1910,3289
89,0,1260,1105,697,1260,1051,1781,2131,2574,1591,2043,1258,1255,1640,2022,7494,1178,1885,2488,1408,2408,2345,2926,1908,3289
90,0,1268,1105,696,1259,1051,1782,2131,,,,,,,,,,,,,,,,,
91,0,1259,1103,698,1259,1053,1781,2129,,,,,,,,,,,,,,,,,
92,0,1259,1104,697,1259,1052,1782,2129,2576,1587,2048,1256,1259,1642,2022,7500,,,,,,,,,
93,0,1258,1096,692,1249,1043,1773,2110,2555,1575,2021,1248,1243,1633,2007,7445,1171,1876,2476,1398,2388,2332,2912,1901,3273
94,0,1252,1095,692,1251,1043,1773,2110,2555,1575,2027,1247,1244,1630,2010,7438,1173,1876,2474,1399,2388,2330,2914,1900,3277
95,0,1258,1096,691,1250,1043,1773,2111,2555,1576,2025,1248,1244,1630,2008,7438,1173,1875,2474,1398,2392,,,,
96,0,,,,,,,,2621,1576,2024,1248,1245,1627,2011,7432,1175,1873,2477,1396,2390,,,,
97,0,1249,1096,689,1251,1042,1771,2113,2553,1578,2025,1246,1245,1629,2008,7437,1174,1873,2477,1398,2394,,,,
98,0,1256,1096,691,1251,1043,1772,2109,2554,1576,2026,1245,1244,1631,2008,7440,,,,,,,,,
99,0,1251,1096,693,1249,1044,1773,2111,2554,1577,2025,1249,1243,1629,2011,7439,,,,,,,,,
100,0,1252,1097,690,1250,1045,1772,2111,2554,1577,2025,1248,1245,1629,2010,7439,1172,1875,2477,1397,2387,2330,2913,1899,3277
101,0,,,,,,,,2618,1576,2024,1248,1245,1629,2009,7437,1173,1877,2475,1398,2387,2330,2911,1901,3275
102,0,1259,1097,690,1250,1043,1773,2112,2554,1576,2026,1246,1243,1630,2009,7438,1173,1875,2475,1398,2387,2329,2912,1901,3274
103,0,1251,1096,691,1250,1042,1773,2111,2553,1577,2026,1249,1241,1631,2010,7443,1171,1876,2476,1396,2389,2331,2910,1900,3278
104,0,1258,1096,692,1249,1046,1770,2112,,,,,,,,,,,,,,,,,
105,0,1256,1097,690,1251,1043,1772,2111,2554,1577,2024,1248,1245,1629,2010,7438,1173,1874,2476,1398,2387,2331,2913,1899,3280
106,0,,,,,,,,2619,1577,2026,1247,1242,1632,2008,7439,1174,1874,2476,1399,2387,2331,2913,1899,3272
107,0,1252,1095,691,1250,1044,1773,2111,,,,,,,,,,,,,,,,,
108,0,1259,1095,690,1251,1044,1770,2112,,,,,,,,,,,,,,,,,
109,0,,,,,,,,2602,1576,2025,1247,1245,1629,2009,7439,1172,1875,2476,1398,2388,2329,2912,1899,3277
110,0,1257,1095,692,1249,1045,1772,2111,2563,1567,2023,1249,1244,1628,2008,7444,1173,1875,2476,1397,2388,2330,2912,1901,3274
111,0,1257,1097,691,1250,1042,1773,2112,2552,1577,2023,1249,1242,1631,2010,7436,1175,1875,2473,1402,2386,,,,
112,0,,,,,,,,2617,1576,2025,1247,1243,1629,2012,7435,1171,1875,2479,1396,2389,2329,2912,1902,3275
113,0,1259,1096,691,1249,1044,1772,2111,,,,,,,,,,,,,,,,,
114,0,1258,1097,691,1249,1045,1772,2113,,,,,,,,,,,,,,,,,
115,0,1255,1097,692,1250,1041,1773,2111,2556,1577,2023,1249,1244,1630,2009,7440,1174,1876,2476,1397,2389,2329,2913,1901,3273
116,0,1252,1095,691,1250,1044,1772,2110,2554,1576,2026,1246,1244,1630,2009,7436,1173,1876,2473,1397,2394,,,,
117,0,1251,1098,689,1251,1043,1771,2112,,,,,,,,,,,,,,,,,
118,0,1260,1097,690,1249,1044,1771,2112,2552,1579,2026,1245,1242,1631,2008,7438,1173,1874,2478,1397,2390,2326,2911,1900,3278
119,0,,,,,,,,2620,1575,2027,1246,1243,1631,2009,7436,1173,1875,2477,1398,2388,2330,2911,1900,3274
120,0,1250,1095,692,1251,1043,1773,2109,2557,1574,2026,1248,1243,1630,2009,7438,1173,1874,2476,1398,2387,2332,2911,1900,3277
121,0,1257,1096,690,1251,1044,1771,2112,,,,,,,,,,,,,,,,,
122,0,,,,,,,,2609,1577,2026,1248,1243,1631,2010,7438,1173,1876,2476,1399,2388,2330,2913,1900,3280
123,0,1255,1096,689,1252,1043,1771,2113,2554,1575,2026,1247,1243,1630,2009,7439,,,,,,,,,
124,0,1257,1097,691,1249,1044,1773,2111,2554,1577,2027,1246,1243,1631,2010,7437,1173,1875,2476,1398,2388,2330,2913,1899,3275
125,0,1249,1097,691,1249,1046,1771,2111,2555,1577,2025,1248,1243,1630,2010,7438,1172,1873,2477,1397,2388,2330,2911,1899,3277
126,0,1250,1096,690,1249,1044,1774,2112,2555,1576,2026,1246,1245,1630,2008,7441,1172,1875,2477,1399,2387,2331,2910,1901,3278
127,0,1251,1101,695,1257,1049,1776,2120,2570,1582,2035,1254,1248,1639,2015,7470,1177,1883,2483,1407,2399,2337,2922,1908,3294
128,0,1257,1100,695,1255,1050,1777,2121,2565,1585,2034,1253,1250,1638,2017,7468,1180,1883,2484,1405,2399,2341,2922,1907,3286
129,0,1253,1103,692,1258,1050,1778,2121,2566,1584,2034,1254,1248,1638,2016,7470,1179,1884,2484,1405,2404,,,,
130,0,1257,1100,694,1256,1050,1778,2120,2565,1577,2035,1254,1248,1640,2015,7475,,,,,,,,,
131,0,,,,,,,,,,,1246,1246,1629,2012,7437,,,,,,,,,
132,0,1261,1096,693,1251,1045,1771,2112,,,,,,,,,,,,,,,,,
133,0,1258,1099,692,1251,1046,1770,2112,,,,,,,,,,,,,,,,,
134,0,1258,1097,694,1250,1047,1770,2110,,,,,,,,,,,,,,,,,
135,0,1258,1100,692,1249,1047,1770,2110,2557,1578,2026,1249,1243,1633,2008,7439,,,,,,,,,
136,0,1257,1097,693,1251,1045,1769,2112,2556,1577,2026,1248,1245,1629,2009,7437,1174,1877,2476,1398,2386,2330,2911,1900,3273
137,0,1260,1098,693,1252,1049,1772,2119,2559,1581,2031,1251,1246,1637,2010,7454,1174,1878,2477,1401,2397,,,,
138,0,1253,1098,694,1252,1048,1773,2115,,,,,,,,,,,,,,,,,
139,0,1252,1100,686,1253,1047,1774,2116,2560,1580,2032,1250,1247,1634,2012,7452,,,,,,,,,
140,0,1252,1100,692,1254,1048,1773,2116,,,,,,,,,,,,,,,,,
141,0,1258,1101,694,1251,1047,1775,2117,2558,1585,2029,1251,1246,1634,2012,7458,,,,,,,,,
142,0,1254,1099,692,1253,1047,1774,2116,,,,,,,,,,,,,,,,,
143,0,1261,1099,693,1253,1047,1775,2114,2561,1578,2029,1249,1247,1633,2013,7434,1176,1878,2482,1400,2392,2333,2918,1903,3278
144,0,,,,,,,,2624,1579,2028,1251,1246,1632,2013,7447,1176,1880,2479,1399,2393,2332,2917,1904,3278
145,0,,,,,,,,2624,1579,2029,1251,1246,1613,2013,7449,,,,,,,,,
146,0,,,,,,,,2625,1579,2029,1251,1247,1632,2012,7448,1176,1879,2480,1403,2389,2335,2918,1901,3281
147,0,1260,1099,694,1252,1046,1776,2115,2559,1579,2030,1250,1248,1630,2015,7450,,,,,,,,,
148,0,,,,,,,,2626,1582,2029,1251,1245,1635,2011,7451,1174,1880,2482,1402,2391,2334,2916,1905,3280
149,0,,,,,,,,2624,1581,2029,1252,1245,1633,2015,7449,1175,1880,2480,1400,2398,,,,
150,0,1252,1100,694,1251,1047,1776,2113,2559,1579,2031,1249,1246,1635,2012,7448,1175,1880,2480,1401,2392,2334,2916,1902,3286
151,0,1259,1101,693,1253,1045,1777,2114,2559,1578,2030,1249,1248,1631,2016,7447,1174,1881,2479,1401,2391,2335,2917,1903,3281
152,0,,,,,,,,2624,1580,2029,1251,1245,1634,2013,7424,1176,1878,2480,1402,2392,2332,2918,1904,3277
153,0,1254,1099,692,1253,1046,1776,2114,2557,1580,2030,1251,1247,1633,2012,7454,,,,,,,,,
154,0,1261,1098,694,1253,1046,1774,2117,2544,1578,2029,1251,1246,1634,2012,7451,1175,1879,2480,1402,2392,2334,2917,1902,3285
155,0,1261,1098,692,1253,1046,1776,2115,2559,1580,2030,1250,1247,1633,2012,7452,,,,,,,,,
156,0,1251,1096,692,1250,1045,1769,2116,2555,1577,2025,1249,1245,1630,2009,7438,,,,,,,,,
157,0,1257,1098,691,1251,1045,1775,2114,,,,,,,,,,,,,,,,,
158,0,1254,1097,692,1251,1045,1776,2114,2559,1578,2029,1248,1247,1632,2014,7446,1174,1874,2477,1401,2398,,,,
159,0,1254,1094,693,1253,1044,1774,2116,,,,,,,,,,,,,,,,,
160,0,1253,1097,692,1253,1045,1775,2114,2558,1580,2028,1248,1248,1632,2013,7450,,,,,,,,,
161,0,1253,1098,691,1253,1044,1775,2114,2558,1581,2031,1246,1246,1632,2014,7447,1174,1875,2479,1400,2394,2330,2910,1901,3279
162,0,1253,1096,691,1251,1046,1773,2116,2558,1581,2028,1250,1245,1632,2013,7448,1173,1875,2478,1401,2392,2334,2910,1902,3276
163,,,,,,,,,2626,1578,2028,1250,1246,1632,2015,7447,1173,1875,2479,1399,2394,2332,2911,1901,3280
164,0,1259,1096,692,1252,1045,1775,2114,2559,1580,2028,1251,1244,1633,2013,7449,,,,,,,,,
165,0,1259,1096,693,1253,1044,1775,2112,2557,1580,2028,1249,1246,1632,2014,7447,,,,,,,,,
166,0,1257,1097,692,1251,1046,1776,2114,2557,1581,2027,1250,1246,1631,2016,7446,1172,1875,2480,1402,2391,2332,2912,1900,3277
167,0,1259,1097,695,1251,1045,1776,2115,,,,,,,,,,,,,,,,,
168,0,1252,1096,694,1250,1046,1776,2114,2556,1581,2029,1251,1247,1632,2013,7451,1174,1875,2478,1402,2393,2332,2911,1902,3278
169,0,1259,1097,692,1253,1043,1776,2115,2558,1581,2027,1249,1246,1635,2012,7447,1175,1873,,,,,,,
170,0,1257,1097,693,1251,1044,1777,2112,2561,1577,2029,1249,1245,1633,2013,7447,1173,1875,2479,1398,2401,,,,
171,0,1259,1097,693,1251,1044,1776,2113,2559,1578,2030,1249,1247,1633,2012,7447,1174,1875,2478,1400,2392,2332,2913,1902,3277
172,0,1253,1097,692,1253,1044,1775,2114,2558,1581,2028,1250,1246,1631,2014,7446,1175,1875,2476,1400,2391,2335,2912,1902,3274
173,,,,,,,,,2624,1581,2029,1249,1246,1632,2015,7445,1175,1874,2478,1401,2392,2332,2912,1901,3281
174,0,1261,1095,692,1249,1047,1772,2112,2557,1579,2026,1249,1244,1634,2011,7443,1173,1875,2480,1398,2394,,,,
175,0,1251,1098,691,1251,1047,1772,2113,2557,1578,2026,1249,1245,1631,2011,7442,1174,1875,2478,1398,2390,2331,2915,1900,3278
176,0,1250,1098,691,1251,1046,1772,2112,2558,1577,2027,1250,1244,1631,2012,7440,1174,1877,2477,1398,2390,2331,2914,1901,3280
177,0,1251,1096,693,1252,1043,1773,2113,2556,1577,2029,1247,1245,1633,2010,7440,,,,,,,,,
178,0,1252,1097,692,1251,1046,1774,2112,2557,1579,2026,1249,1247,1631,2011,7436,1173,1878,2477,1400,2388,2331,2914,1904,3276
179,0,1251,1095,692,1237,1037,1773,2109,2556,1577,2028,1249,1244,1628,2011,7439,1175,1877,2479,1399,2388,2332,2913,1902,3280
180,0,1259,1096,693,1252,1046,1771,2111,2555,1578,2027,1248,1244,1633,2010,7444,1176,1875,2477,1399,2390,2331,2912,1903,3277
181,0,1258,1099,691,1250,1046,1771,2113,2556,1577,2027,1248,1246,1632,2012,7439,,,,,,,,,
182,0,1259,1097,692,1251,1045,1772,2113,2557,1577,2026,1251,1244,1630,2013,7442,1171,1877,2476,1399,2387,2333,2913,1901,3274
183,0,1255,1095,692,1249,1046,1771,2113,2557,1577,2027,1250,1243,1633,2011,7438,1174,1878,2477,1398,2390,2330,2911,1902,3277
184,,,,,,,,,2621,1577,2028,1250,1243,1630,2013,7420,1171,1875,2478,1400,2387,2333,2911,1902,3275
185,,,,,,,,,2620,1580,2025,1249,1244,1632,2010,7441,1174,1875,2475,1401,2388,2331,2911,1902,3273
186,0,1262,1098,695,1252,1047,1776,2120,2559,1586,2034,1249,1247,1638,2012,7462,1175,1877,2484,1398,2403,,,,
187,0,1256,1098,695,1254,1047,1775,2119,2562,1584,2033,1251,1249,1636,2014,7459,1176,1879,2480,1402,2399,,,,
188,0,1254,1098,695,1252,1047,1773,2120,2562,1582,2034,1251,1250,1638,2014,7464,1173,1879,2480,1404,2395,2335,2919,1903,3286
189,0,1263,1097,694,1253,1047,1773,2119,2561,1584,2032,1253,1248,1638,2012,7466,1175,1880,2481,1401,2397,2336,2919,1904,3280
190,0,1260,1100,693,1254,1048,1775,2116,2564,1583,2032,1252,1249,1637,2013,7463,1175,1878,2471,1402,2398,2333,2919,1901,3284
191,0,1262,1097,694,1253,1047,1774,2118,2564,1583,2031,1251,1251,1635,2014,7459,1178,1878,2481,1403,2398,2337,2917,1903,3284
192,0,1260,1099,695,1253,1048,1777,2116,2562,1585,2032,1246,1248,1638,2014,7463,1176,1880,2482,1402,2398,2337,2915,1907,3284
193,0,1252,1100,693,1254,1049,1776,2117,2561,1587,2032,1250,1248,1638,2013,7461,1172,1880,2482,1403,2402,,,,
194,0,1255,1100,694,1254,1048,1773,2120,2564,1582,2032,1252,1249,1638,2014,7463,,,,,,,,,
195,0,1253,1097,691,1251,1044,1774,2113,2557,1575,2028,1248,1245,1631,2011,7440,1174,1874,2477,1399,2394,,,,
196,0,1253,1097,691,1252,1045,1774,2112,2556,1577,2027,1248,1246,1631,2011,7444,,,,,,,,,
197,0,1253,1098,690,1253,1044,1773,2112,2556,1579,2030,1246,1244,1630,2011,7441,1173,1876,2479,1398,2390,2329,2910,1901,3279
198,0,1253,1096,690,1251,1046,1773,2114,2556,1578,2026,1249,1244,1631,2011,7441,1172,1875,2477,1399,2388,2332,2911,1902,3275
199,,,,,,,,,2624,1576,2026,1249,1244,1630,2013,7441,1174,1875,2478,1398,2391,2331,2912,1901,3280
200,0,1259,1097,692,1251,1045,1774,2112,2557,1577,2026,1251,1242,1631,2010,7442,,,,,,,,,
201,0,1259,1099,691,1252,1045,1774,2112,2557,1578,2027,1250,1245,1631,2013,7441,1176,1875,2478,1400,2388,2331,2914,1904,3282
202,0,1254,1098,693,1252,1044,1771,2117,2553,1580,2027,1251,1244,1632,2012,7441,1173,1877,2477,1401,2389,2332,2914,1901,3279
203,0,1256,1098,692,1254,1044,1776,2112,2557,1578,2028,1248,1246,1633,2010,7442,1176,1876,2480,1397,2389,2332,2914,1903,3277
204,0,1252,1098,693,1251,1046,1773,2117,2554,1577,2030,1250,1243,1633,2010,7444,1173,1875,2481,1399,2389,2332,2913,1902,3280
205,,,,,,,,,2619,1577,2029,1249,1246,1632,2011,7446,1175,1877,2478,1398,2390,2332,2913,1901,3282
206,0,1258,1099,690,1252,1046,1774,2113,2555,1577,2030,1248,1246,1630,2012,7441,1175,1875,2478,1401,2386,2336,2904,1901,3279
207,0,1252,1098,692,1251,1046,1771,2116,2556,1577,2029,1248,1245,1633,2010,7443,1172,1878,2477,1399,2389,2332,2915,1900,3281
208,0,1262,1097,694,1251,1046,1776,2111,2557,1578,2029,1248,1245,1633,2011,7445,1172,1877,2477,1401,2391,2332,2914,1902,3277
209,0,1261,1098,690,1252,1047,1772,2113,2559,1578,2025,1250,1246,1633,2010,7445,,,,,,,,,
210,0,1260,1105,694,1260,1054,1777,2131,2572,1589,2046,1252,1255,1644,2020,7492,,,,,,,,,
211,,,,,,,,,2635,1590,2042,1257,1254,1646,2021,7498,1181,1888,2486,1409,2407,2346,2927,1907,3290
212,0,1260,1105,697,1260,1052,1778,2128,2571,1591,2043,1256,1254,1644,2022,7496,,,,,,,,,
213,0,1265,1105,697,1258,1053,1780,2128,2577,1593,2036,1257,1252,1646,2022,7493,,,,,,,,,
214,0,1258,1104,697,1259,1054,1780,2128,2573,1592,2042,1255,1255,1644,2023,7494,,,,,,,,,
215,0,1261,1102,697,1262,1052,1780,2129,2575,1589,2041,1259,1255,1644,2021,7492,,,,,,,,,
216,,,,,,,,,2625,1589,2042,1256,1255,1644,2023,7491,1178,1886,2487,1409,2407,2345,2923,1906,3296
217,0,1258,1105,698,1258,1054,1778,2127,2577,1587,2044,1256,1255,1644,2022,7495,,,,,,,,,
218,0,1268,1110,701,1268,1057,1794,2140,2589,1599,2055,1263,1262,1653,2034,7535,1189,1900,2503,1418,2419,2360,2946,1923,3312