Record Number,KHPI,LWJ,DLY,KLY,PDI,KJT,BVS,NRL,SHELU,VGI,BUD,ABH,ULNR,VLDI,KYN,DI,DW,MBQ,KLVA,TNA,MLND,BND,VK,GC,CLA,SION,MTN,DR,PR,BY,CSMT
1,0,2468,3171,1261,4312,3018,6667,6699,4001,3979,10766,7540,2484,1963,2212,5175,,,,15046,,,,13887,3826,,,6486,,4757,4239
2,0,2465,3119,1238,4237,3018,6763,6700,4003,3981,10778,7545,2484,1966,2199,5101,,,,15003,,,,13869,3823,,,6473,,4839,4088
3,0,2462,3116,1244,4236,3018,6670,6701,4003,3980,10778,7543,2487,1966,2199,5123,,,,14998,,,,13857,3824,,,6468,,4837,4116
4,,,,,,0,,,,,,7597,2488,1965,2213,5199,,,,15081,,,,13923,3838,,,6494,,4858,4148
5,,,,,,0,6709,6728,4018,3995,10763,7626,2490,1968,2215,5200,,,,15085,,,,13930,3836,,,6510,,4859,4145
6,,,,,,0,6792,6727,4018,3996,10763,7626,2495,1965,2217,5168,,,,15035,2609,,,11267,3825,,,6481,,4735,4244
7,,,,,,0,6702,6722,4013,3991,10738,7620,2486,1967,2199,5102,,,,15002,2613,,,11247,3827,,,6473,,4832,4087
8,,,,,,0,,,,,,7600,2485,1967,2213,5101,,,,15000,2606,,,11241,3819,,,6462,,4830,4084
9,,,,,,0,,,,,,7552,2484,1965,2213,5176,5617,,,9387,2608,,7506,3740,3820,,,6473,,4745,4233
10,,,,,,0,6699,6721,4011,3994,10750,7616,2488,1965,2216,5302,,,,14992,2608,,,11232,3817,,,6464,,4739,4228
11,,,,,,,,,,,,7594,2484,1966,2212,5199,,,,14750,2563,,,11025,3759,,,6358,,4621,4130
12,,,,,,0,6702,6717,4013,3990,10752,7609,2488,1965,2213,5067,5520,,,9258,2564,,7395,3682,3764,,,6377,,4646,4143
13,,,,,,0,6826,6716,4014,3991,10741,7617,2489,1963,2213,5199,5645,,,9444,2624,,7551,3761,3837,,,6514,,4766,4255
14,,,,,,0,6696,6716,4012,3991,10742,7614,2487,1964,2202,5193,5643,,,9438,2624,,7546,3760,3834,,,6506,,4760,4249
15,,,,,,0,6702,6716,4014,3990,10742,7619,2487,1963,2213,5175,5782,,,9421,,,,14044,3836,,,6493,,4857,4145
16,,,,,,,,,,,,7472,2445,1932,2176,4884,5617,,,9407,2611,,,11255,3821,,,6478,,4850,4125
17,,,,,,0,6572,6607,3945,3927,10568,7491,2446,1933,2163,5169,5765,,,9526,2618,,,11271,3829,,,6490,,4860,4136
18,,,,,,0,,,,,,7462,2446,1932,2176,5198,,,,15050,,,,13889,3828,,,6382,,4872,4241
19,,,,,,,,,,,,,2430,1933,2164,5180,5620,,,9405,2614,,,11253,3823,,,6477,,4854,4132
20,,,,,,0,,,,,,7555,2488,1963,2216,5169,5619,,,9403,2610,,,11237,3824,,,6477,,4852,4131
21,,,,,,0,,,,,,7551,2486,1963,2214,5172,5074,,,9949,2613,,,11256,3824,,,6476,,4753,4230
22,,,,,,0,,,,,,,2484,1965,2072,5156,5262,,,9452,,7029,,7406,3822,,,6479,,4853,4095
23,,,,,,,,,,,,,2472,1967,2216,5170,,,,15025,2612,,,11256,3824,,,6479,,4752,4232
24,,,,,,0,6709,6728,4018,3995,10763,7626,2490,1968,2215,5157,,,,15009,2607,,,11242,3821,,,6467,,4830,4123
25,,,,,,0,6792,6727,4018,3996,10763,7626,2495,1965,2217,5178,5611,,,9408,2612,,,11250,3824,,,6477,,4840,4127
26,,,,,,0,,,,,,7563,2489,1967,2216,5173,,,,15020,,,,13859,3825,,,6471,,4733,4238
27,,,,,,0,6833,6722,4017,3993,10758,7623,2488,1968,2216,5058,5805,,,9589,,,,13980,3824,,,6522,,4892,4164
28,,,,,,0,6706,6724,4018,3995,10755,7624,2488,1966,2203,5174,5783,,,9418,,,,14034,3833,,,6496,,4855,4141
29,,,,,,0,,,,,,7563,2485,1971,2214,,,,,,,,,,,,,,,,
30,,,,,,0,6635,6659,3976,3939,10643,7562,2467,1944,2161,5167,,,,15025,,,,13867,3825,,,6476,,4854,4131
31,,,,,,0,6802,6705,4008,3979,10710,7611,2479,1955,2070,5171,,,,15023,,,,13867,3824,,,6477,,4851,4128
32,,,,,,0,,,,,,7540,2485,1961,2198,5156,5262,,,9889,,6592,,7406,3822,,,6479,,4853,4095
33,,,,,,0,6688,6706,4006,3984,10729,7603,2483,1962,2211,5118,5555,,,9296,2580,,,11130,3778,,,6404,,4793,4047
34,,,,,,0,,,,,,7610,2490,1968,2217,5190,5150,,,9890,2618,,,11270,3830,,,6486,,4858,4102
35,,,,,,0,6708,6730,4014,3996,10759,7625,2491,1968,2215,5095,,,,14771,2568,,,11064,3761,,,6366,,4773,4023
36,,,,,,0,6708,6727,4018,3996,10761,7626,2489,1968,2216,5091,,,,14774,,,,13636,3757,,,6354,,4858,4217
37,,,,,,0,,,,,,7605,2491,1967,2076,5173,,,,15036,,6468,,7410,3826,,,6480,,4857,4141
38,,,,,,0,,,,,,,2460,1958,2207,5173,,,,15035,,,,13877,3826,,,6479,,4856,4142
39,,,,,,0,,,,,,,2478,1960,2207,5187,,,,15036,2614,,7515,,7574,,,6479,,4851,4137
40,,,,,,0,,,,,,,2479,1972,2222,5318,5621,,,9414,2615,,,11261,3828,,,6482,,4751,4238
41,,,,,,0,6635,6659,3976,3939,10643,7562,2467,1944,2161,5173,,,,15035,,,,13876,3826,,,6480,,4854,4134
42,,,,,,0,6695,6716,4010,3988,10737,7617,2486,1965,2197,,,,,,2616,,,11261,3828,,,6479,,4858,4135
43,,,,,,0,6694,6717,4013,3990,10742,7618,2488,1966,2204,5167,,,,15013,2612,,,11256,3824,,,6477,,4847,4126
44,,,,,,0,,,,,,,2471,1967,2197,5184,5618,,,9398,,6466,,7407,3824,,,6477,,4850,4122
45,,,,,,0,,,,,,,2474,1965,2200,5190,,,,15016,2570,,,11236,3825,,,6549,,4851,4123
46,,,,,,0,6802,6705,4008,3979,10710,7611,2479,1955,2070,5187,,,,15018,2610,,,11259,3824,,,6476,,4849,4092
47,,,,,,,,,,,,,,,,5189,5617,,,9391,2615,,,11258,3825,,,6475,,4750,4225
48,,,,,,,,,,,,,,,,5167,5618,,,9390,2612,,7517,3749,3826,,,6458,,,
49,,,,,,,,,,,,,,,,5210,,,,15144,,6516,,7466,3853,,,6531,,4890,4125
50,,,,,,,,,,,,,,,,5191,,,,15027,,,,13883,3825,,,6459,,,
51,,,,,,,,,,,,,,,,5174,,,,15044,2617,,,11285,3832,,,6492,,4855,4138
52,,,,,,,,,,,,,,,,5171,,,,15186,2747,,,11280,3831,,,6487,,4849,4132
53,,,,,,,,,,,,,,,,5184,,,,15034,2616,,,11280,3829,,,6486,,4850,4095
54,,,,,,,,,,,,,,,,5169,5773,,,9407,2707,,,11257,3829,,,6449,,4876,4238
55,,,,,,,,,,,,,,,,5191,,,,15049,2617,,7529,,7582,,,6489,,4859,4135
56,,,,,,,,,,,,,,,,,,,,,,,,13995,3823,,,6453,,,
57,,,,,,,,,,,,,,,,5170,5615,,,9392,,,,13805,3822,,,6551,,4845,4125
58,,,,,,,,,,,,,,,,5178,5617,,,9392,,6463,,7403,3822,,,6474,,4846,4125
59,,,,,,,,,,,,,,,,,,,,,2642,,,11391,3869,,,6555,,4807,4287
60,,,,,,,,,,,,,,,,5241,,,,15202,2648,,7598,3790,3869,,,6553,,4808,4279
61,,,,,,,,,,,,,,,,5245,5685,,,9517,,,,14036,3870,,,6553,,4913,4178
62,,,,,,,,,,,,,,,,5249,,,,15200,2646,,,11388,3870,,,6536,,,
