Record Number,PNVL,KNDS,MANR,KHAG,BEPR,SWDV,NEU,JNJ,SNPD,VSH,MNKD,GV,CMBR,TKNG,CLA,CHF,GTBN,VDLR,SVE,CTGN,RRD,DKRD,SNRDH,MSDH,CSMTH
1,0,3307,1926,2927,2356,2421,1416,2507,1881,1175,7508,2042,1644,1258,1252,1951,1682,2670,2055,1790,1042,1289,683,1116,1262
2,0,3301,1924,2932,2351,2420,1418,2510,1880,1175,7513,2038,1645,1257,1254,1950,1680,2672,2055,1789,1041,1290,683,1114,1262
3,0,3307,1926,2928,2354,2425,1410,2510,1881,1173,7511,2040,1647,1258,1251,1952,1681,2673,2053,1788,1042,1291,682,1115,1262
4,0,3310,1925,2929,2353,2420,1415,2510,1883,1170,7513,2041,1644,1257,1252,1952,1679,2673,2053,1790,1042,1289,685,1113,1264
5,0,3283,1915,2917,2342,2415,1413,2497,1877,1163,7493,2032,1635,1250,1245,1944,1671,2664,2044,1786,1036,1284,678,1113,1261
6,0,3288,1916,2916,2340,2413,1408,2497,1875,1162,7479,2028,1633,1248,1245,1941,1669,2662,2042,1784,1037,1282,681,1109,1257
7,0,3283,1916,2915,2344,2415,1410,2499,1875,1164,7487,2033,1639,1252,1248,1943,1670,2661,2044,1784,1039,1284,678,1115,1255
8,0,3292,1917,2920,2345,2418,1415,2503,1878,1167,7503,2038,1642,1254,1254,1949,1673,2666,2049,1790,1039,1289,681,1119,1262
9,0,3287,1918,2917,2342,2418,1409,2497,1878,1167,7483,2031,1637,1253,1248,1944,1673,2663,2044,1782,1039,1284,679,1112,1259
10,0,3292,1917,2916,2340,2418,1409,2499,1875,1167,7491,2034,1641,1252,1248,1943,1674,2662,2046,1784,1038,1284,682,1111,1260
11,0,3293,1917,2919,2342,2417,1410,2499,1876,1164,7492,2032,1642,1253,1247,1945,1672,2665,2047,1787,1037,1285,680,1113,1256
12,0,3282,1920,2919,2343,2418,1409,2500,1876,1168,7494,2036,1642,1254,1246,1945,1674,2663,2047,1788,1039,1286,680,1112,1261
13,0,3294,1917,2919,2345,2417,1411,2501,1877,1166,7495,2034,1642,1254,1246,1945,1674,2664,2050,1788,1037,1286,681,1113,1257
14,0,3294,1917,2920,2343,2418,1411,2500,1875,1166,7495,2036,1642,1252,1247,1944,1673,2664,2048,1786,1037,1287,680,1113,1258
15,0,3274,1908,2906,2335,2406,1407,2488,1868,1161,7445,2019,1627,1242,1241,1933,1664,2633,,,,,,,
16,,,,,,,,,,0,7497,2040,1644,1257,1250,1952,1677,2668,2051,1790,1042,1289,683,1116,1261
17,,,,,,,,,,0,7474,2026,1634,1252,1244,1942,1667,2659,2040,1784,1035,1283,680,1108,1262
18,,,,,0,2429,1414,2509,1883,1173,7511,2041,1645,1257,1251,1951,1680,2672,2053,1789,1041,1290,684,1115,1263
19,,,,,,,,,,,7478,2032,1635,1251,1243,1941,1672,2657,2043,1782,1038,1280,678,1110,1259
20,0,3273,1908,2902,2334,2397,1402,2487,1865,1161,7446,2020,1631,1247,1239,1935,1663,2649,2035,1774,1032,1278,675,1107,1248
21,0,3276,1909,2902,2332,2398,1401,2485,1865,1161,7443,2021,1630,1246,1241,1932,1664,2647,2034,1774,1031,1276,679,1103,1258
22,0,3278,1908,2902,2332,2396,1403,2485,1865,1160,7444,2021,1631,1245,1239,1935,1665,2645,2036,1773,1031,1278,677,1104,1255
23,0,3273,1909,2901,2327,2397,1400,2487,1866,1164,7440,2022,1631,1245,1241,1932,1665,2646,2035,1773,1032,1278,678,1105,1253
24,0,3278,1906,2903,2332,2396,1402,2486,1864,1160,7444,2024,1628,1247,1239,1930,1664,2648,2036,1775,1032,1277,677,1104,1246
25,0,3280,1908,2901,2333,2398,1401,2487,1866,1161,7443,2021,1630,1247,1240,1931,1666,2645,2035,1774,1032,1277,678,1104,1248
26,0,3279,1913,2909,2338,2409,1406,2495,1868,1160,7474,2027,1630,1248,1242,1933,1667,2655,2037,1782,1033,1282,679,1106,1259
27,0,3276,1910,2905,2337,2405,1404,2492,1867,1162,7455,2021,1628,1246,1243,1935,1665,2652,2035,1779,1031,1279,677,1106,1254
28,0,3274,1909,2906,2334,2404,1407,2490,1870,1164,7454,2021,1628,1243,1243,1934,1665,2648,2035,1776,1034,1275,677,1106,1256
29,0,3277,1910,2905,2336,2404,1408,2490,1869,1163,7457,2022,1629,1247,1244,1933,1665,2653,2034,1778,1036,1278,675,1110,1252
30,0,3278,1911,2903,2337,2406,1406,2492,1867,1162,7457,2020,1630,1245,1241,1935,1664,2651,2034,1779,1034,1278,679,1104,1256
31,0,3277,1912,2909,2336,2410,1408,2494,1867,1161,7473,2025,1630,1245,1243,1935,1668,2653,2038,1785,1036,1281,679,1108,1255
32,,,,,0,2399,1401,2487,1865,1160,7446,2021,1630,1248,1239,1934,1664,2648,2035,1772,1033,1278,677,1106,1249
33,,,,,,,,,,,7438,2020,1631,1245,1243,1932,1664,2646,2036,1774,1032,1279,675,1104,1253
34,,,,,,,0,2489,1867,1164,7447,2024,1631,1248,1241,1935,1667,2650,2036,1775,1031,1280,679,1105,1250
35,,,,,0,2410,1400,2488,1868,1163,7448,2021,1634,1245,1242,1935,1666,2649,2038,1774,1033,1277,678,1107,1250
36,,,,,,,,,,,,,,,,,,,2061,1776,1032,1278,679,1104,1252
37,,,,,0,2407,1402,2489,1865,1164,7448,2022,1631,1248,1241,1934,1666,2649,2037,1774,1032,1278,680,1103,1253
38,0,3276,1911,2903,2334,2400,1401,2488,1867,1161,7448,2024,1631,1248,1240,1937,1665,2650,2036,1774,1033,1279,678,1105,1250
39,,,,,,,,,,,,,,,,,,,2064,1775,1034,1278,679,1105,1254
40,,,,,0,2416,1410,2496,1880,1164,7493,2030,1636,1244,1247,1951,1671,2639,,,,,,,
41,,,,,0,2412,1409,2498,1878,1163,7491,2033,1640,1253,1250,1947,1675,2665,2046,1788,1041,1287,681,1114,1262
42,,,,,,,,,,,7490,2034,1640,1254,1249,1948,1679,2667,2048,1789,1041,1288,681,1115,1261
43,0,3292,1923,2920,2350,2411,1411,2501,1880,1168,7498,2033,1642,1260,1248,1948,1677,2670,2051,1790,1040,1287,683,1114,1262
44,,,,,,,,,,,,,,1255,1251,1952,1675,2671,2051,1791,1040,1290,681,1115,1260
45,,,,,,,,,,,,,,,,,,,2073,1790,1041,1289,681,1116,1259
46,0,3291,1922,2920,2350,2412,1410,2501,1880,1167,7495,2037,1645,1253,1252,1948,1675,2667,2049,1791,1040,1288,682,1114,1262
47,,,,,,,,,,,,,,,,,,,2073,1790,1040,1289,680,1116,1259
48,0,3291,1925,2923,2345,2415,1406,2501,1880,1164,7497,2035,1643,1255,1251,1948,1675,2666,2048,1790,1040,1288,681,1114,1258
49,,,,,0,2413,1410,2498,1879,1163,7494,2034,1640,1255,1247,1949,1675,2665,2046,1789,1039,1287,682,1110,1262
50,,,,,,,,,,,7486,2036,1636,1251,1250,1946,1676,2662,2046,1788,1041,1287,683,1100,1260
51,,,,,,,,,,,,,,,,,,,2073,1789,1039,1287,681,1113,1263
52,,,,,,,,,,,,,,,,,,,2074,1790,1038,1291,681,1115,1261
53,0,3291,1924,2920,2346,2414,1415,2494,,,,,,,,,,,,,,,,,
54,0,3292,1925,2922,2346,2413,1411,2503,1880,1167,7497,2037,1645,1258,1248,1950,1677,2666,2051,1788,1041,1290,681,1116,1260
55,0,3290,1924,2919,2347,2413,1408,2502,1881,1165,7496,2038,1642,1256,1249,1948,1676,2665,2050,1790,1040,1290,681,1114,1262
56,,,,,,,,,,,,,,,,,,,2070,1790,1041,1279,682,1116,1259
57,,,,,,,,,,,,,,,,,,,2074,1788,1042,1288,680,1116,1259
58,0,3277,1906,2900,2329,2398,1398,2485,1863,1161,7437,2019,1629,1245,1239,1931,1663,2623,,,,,,,
59,0,3274,1910,2899,2330,2396,1400,2483,1867,1158,7438,2020,1629,1243,1240,1931,1662,2646,2033,1771,1031,1276,676,1104,1251
60,0,3271,1908,2900,2330,2394,1399,2486,1863,1159,7437,2019,1632,1242,1240,1930,1663,2646,2033,1772,1030,1277,678,1103,1247
61,0,3273,1907,2899,2330,2390,1401,2485,1863,1158,7436,2022,1628,1245,1237,1934,1662,2645,2034,1772,1029,1277,677,1102,1252
62,,,,,,,,,,,,,,,,,,,2034,1773,1029,1278,676,1104,1250
63,0,3275,1909,2899,2328,2398,1400,2485,1864,1156,7442,2017,1631,1244,1239,1930,1662,2645,2034,1771,1030,1277,677,1104,1250
64,,,,,,,,,,,,,,,,,,,2058,1773,1029,1278,676,1104,1248
65,,,,,,,,,,,,,,,,,,,2058,1772,1031,1277,676,1102,1251
66,0,3272,1908,2898,2332,2394,1401,2484,1861,1161,7440,2021,1629,1243,1238,1931,1664,2645,2033,1771,1032,1274,676,1103,1250
67,0,3272,1908,2897,2332,2397,1401,2483,1865,1160,7437,2022,1628,1244,1238,1931,1665,2643,2033,1771,1030,1277,675,1104,1251
68,,,,,,2394,1402,2483,1864,1162,7438,2019,1631,1243,1240,1929,1665,2620,,,,,,,
69,,,,,,2397,1399,2486,1864,1160,7439,2020,1630,1246,1238,1932,1663,2646,2033,1773,1031,1276,676,1104,1252
70,,,,,,,,,,,,,,,,,,,2056,1771,1032,1277,676,1103,1251
71,,,,,,,,,,,,,,,,,,,2032,1773,1032,1275,675,1107,1249
72,0,3271,1902,2904,2331,2393,1404,2483,1863,1161,7437,2021,1629,1244,1240,1932,1661,2647,2032,1774,1031,1274,680,1101,1247
73,,,,,,2401,1400,2485,1863,1160,7437,2020,1630,1243,1239,1932,1663,2644,2034,1771,1031,1278,676,1104,1247
74,,,,,,,,,,,,,,,,,,,2057,1773,1031,1276,677,1102,1251
75,0,3274,1909,2899,2328,2397,1398,2485,1863,1163,7435,2020,1630,1244,1238,1931,1665,2623,,,,,,,
76,0,3273,1908,2897,2331,2397,1399,2484,1864,1159,7439,2023,1627,1247,1238,1930,1663,2646,2034,1772,1030,1276,677,1104,1246
77,,,,,,2396,1401,2485,1864,1160,7440,2020,1630,1244,1239,1932,1663,2646,2033,1775,1030,1276,676,1103,1249
78,0,3278,1907,2899,2330,2397,1399,2484,1864,1160,7439,2021,1628,1245,1238,1932,1662,2626,,,,,,,
79,,,,,,,,,,,,,,,,,,,2058,1772,1032,1276,677,1104,1249
80,,,,,,,,,,,7432,2020,1629,1244,1240,1931,1663,2644,2031,1774,1030,1276,676,1103,1251
81,0,3277,1907,2898,2329,2399,1399,2483,1865,1159,7436,2018,1631,1244,1237,1931,1662,2647,2033,1771,1031,1276,678,1104,1245
82,0,3271,1909,2897,2336,2397,1402,2483,1867,1161,7438,2018,1631,1243,1238,1931,1665,2644,2034,1771,1032,1274,680,1102,1248
83,0,3275,1908,2899,2331,2395,1400,2482,1864,1161,7438,2020,1629,1246,1238,1932,1664,2645,2035,1772,1030,1278,676,1103,1247
84,,,,,,,,,,,,,,,,,,,2066,1779,1035,1282,681,1106,1253
85,0,3281,1916,2905,2340,2401,1404,2493,1872,1165,7465,2026,1637,1249,1243,1944,1665,2657,2041,1778,1035,1282,681,1105,1257
86,0,3281,1917,2906,2339,2403,1403,2494,1870,1164,7461,2028,1636,1251,1244,1938,1668,2657,2041,1778,1036,1281,680,1109,1253
87,,,,,,2411,1404,2494,1870,1163,7453,2028,1638,1250,1245,1937,1669,2656,2043,1777,1036,1282,678,1110,1252
88,,,,,,,,,,,7427,2023,1632,1246,1240,1937,1666,2646,2034,1775,1031,1275,678,1106,1255
89,,,,,,,,,,,,,,,,,,,2061,1772,1034,1278,677,1106,1251
90,,,,,,,,,,,,,,,,,,,2060,1773,1033,1278,680,1105,1250
91,,,,,,,,,,,,,,,,,,,2061,1774,1031,1277,680,1104,1252
92,,,,,,,,,,,7431,2023,1633,1248,1239,1933,1666,2648,2036,1772,1032,1278,678,1105,1252
93,,,,2310,2333,2398,1401,2488,1868,1160,7448,2025,1635,1247,1241,1937,1665,2645,2036,1777,1035,1278,679,1106,1253
94,,,,,,2401,1402,2488,1864,1162,7447,2024,1634,1247,1243,1934,1667,2648,2036,1779,1033,1278,677,1108,1250
95,,,,,,,,,,,,,,,,,,,2062,1776,1033,1278,680,1107,1251
96,,,,,,,,,,,7446,2024,1634,1248,1240,1937,1665,2651,2038,1777,1034,1278,678,1107,1251
97,,,,,,,,,,,,,,,,,,,2060,1777,1035,1280,678,1106,1249
98,,,,,,,,,,,,,,,,,,,2062,1776,1035,1279,679,1106,1253
99,,,,,,,,,,,,,,,,,,,2063,1776,1033,1279,677,1108,1255
100,0,3276,1910,2904,2334,2399,1408,2491,1865,1165,7451,2023,1632,1247,1240,1941,1666,2627,,,,,,,
101,0,3277,1911,2902,2334,2403,1402,2488,1868,1164,7448,2025,1632,1247,1241,1936,1666,2629,,,,,,,
102,,,,,,,,,,,7445,2024,1630,1249,1241,1937,1666,2630,,,,,,,
103,0,3279,1910,2905,2334,2402,1402,2488,1869,1163,7452,2021,1634,1247,1242,1937,1666,2630,,,,,,,
104,,,,,,,,,,,,,,,,,,,2037,1775,1033,1280,678,1107,1253
105,,,,,,,,,,,7452,2024,1632,1249,1241,1936,1666,2631,,,,,,,
106,0,3279,1912,2905,2335,2400,1403,2490,1869,1162,7435,2024,1633,1248,1240,1937,1667,2628,,,,,,,
107,,,,,,2408,1402,2490,1868,1162,7450,2024,1634,1248,1241,1938,1664,2652,2037,1774,1036,1279,680,1105,1251
108,0,3285,1886,2905,2334,2401,1402,2488,1869,1162,7450,2024,1632,1249,1243,1936,1664,2651,2038,1776,1033,1279,679,1107,1252
109,0,3279,1912,2905,2334,2400,1403,2489,1866,1165,7449,2024,1635,1244,1244,1935,1667,2629,,,,,,,
110,0,3277,1910,2906,2334,2399,1402,2489,1869,1163,7450,2023,1633,1248,1242,1934,1667,2651,2040,1774,1032,1280,679,1106,1252
111,,,,,,,,,,,7449,2023,1633,1246,1243,1935,1667,2651,2037,1775,1034,1281,678,1107,1254
112,0,3283,1912,2905,2336,2398,1404,2489,1868,1164,7449,2024,1635,1247,1242,1935,1668,2649,2038,1776,1034,1280,680,1106,1255
113,0,3278,1912,2904,2335,2401,1402,2488,1870,1163,7451,2024,1631,1251,1241,1936,1667,2654,2038,1773,1036,1280,679,1108,1255
114,,,,,,,,,,,,,,,,,,,2062,1775,1035,1281,676,1107,1253
115,,,,,,2410,1402,2489,1869,1161,7454,2026,1636,1244,1245,1935,1666,2654,2037,1774,1035,1279,680,1107,1251
116,,,,,,,,,,,7451,2025,1634,1246,1244,1937,1664,2651,2042,1774,1034,1281,679,1103,1253
117,,,,,,,,,,,7450,2026,1633,1248,1244,1935,1666,2654,2039,1776,1034,1281,679,1106,1251
118,0,3276,1912,2903,2334,2401,1403,2487,1869,1163,7452,2026,1634,1246,1242,1934,1666,2653,2036,1778,1033,1280,679,1105,1252
119,,,,,,,1401,2488,1868,1165,7451,2024,1633,1251,1240,1939,1666,2630,,,,,,,
120,0,3280,1912,2904,2334,2400,1404,2488,1868,1163,7454,2027,1633,1245,1243,1937,1666,2653,2038,1776,1034,1281,676,1108,1255
121,,,,,,,,,,,7446,2025,1634,1248,1242,1936,1666,2652,2038,1776,1034,1280,679,1106,1255
122,,,,,,,,,,,7453,2024,1633,1248,1243,1935,1669,2651,2037,1776,1035,1280,677,1108,1252
123,0,3277,1910,2905,2337,2397,1406,2485,1870,1162,7452,2026,1632,1248,1243,1936,1668,2652,2037,1776,1033,1280,678,1108,1255
124,,,,,,,,,,,,,,,,,,,2061,1776,1033,1282,677,1110,1250
125,0,3279,1909,2905,2333,2401,1402,2488,1869,1163,7451,2024,1633,1248,1241,1936,1666,2652,2037,1776,1034,1280,677,1108,1251
126,0,3276,1912,2903,2333,2401,1402,2489,1868,1163,7451,2026,1633,1246,1243,1935,1665,2653,2040,1775,1034,1281,679,1105,1255
127,,,,,,2408,1402,2488,1869,1160,7452,2026,1634,1246,1244,1934,1668,2651,2038,1775,1035,1279,680,1105,1255
128,0,3275,1912,2904,2334,2401,1401,2488,1869,1161,7452,2026,1633,1248,1242,1934,1667,2631,,,,,,,
129,0,3275,1910,2900,2331,2397,1400,2486,1864,1161,7441,2019,1633,1245,1241,1930,1665,2645,2033,1772,1032,1278,679,1105,1252
130,,,,,,2397,1403,2483,1865,1162,7438,2021,1632,1244,1243,1931,1664,2646,2034,1775,1030,1278,681,1102,1249
131,0,3272,1909,2900,2331,2396,1401,2485,1866,1161,7435,2021,1633,1246,1240,1932,1663,2645,2035,1773,1031,1276,680,1104,1249
132,0,3274,1906,2900,2333,2393,1402,2486,1863,1162,7439,2018,1632,1247,1240,1932,1664,2645,2035,1770,1033,1277,678,1104,1250
133,,,,,,,,,,,7439,2018,1632,1247,1239,1933,1667,2644,2028,1774,1033,1277,674,1107,1250
134,0,3277,1907,2900,2330,2399,1393,2477,1863,1157,7439,2013,1631,1246,1240,1932,1663,2647,2034,1773,1033,1276,678,1107,1247
135,0,3277,1909,2898,2331,2397,1400,2485,1865,1161,7436,2021,1630,1246,1240,1934,1664,2645,2033,1773,1032,1277,677,1106,1250
136,0,3275,1907,2898,2332,2397,1401,2483,1864,1159,7440,2021,1630,1246,1238,1934,1663,2646,2035,1772,1032,1278,679,1103,1251
137,,,,,,2403,1400,2486,1864,1162,7437,2022,1630,1245,1241,1934,1663,2647,2034,1771,1033,1277,677,1104,1253
138,,,,,,,,,,,7433,2020,1632,1243,1242,1933,1662,2647,2036,1772,1033,1276,678,1105,1249
139,0,3274,1908,2900,2332,2395,1402,2484,1864,1161,7440,2020,1631,1244,1240,1934,1662,2646,2036,1772,1032,1277,678,1104,1250
140,0,3274,1909,2900,2331,2396,1400,2484,1867,1162,7438,2022,1629,1246,1241,1931,1663,2647,2035,1772,1024,1278,678,1105,1252
141,0,3274,1909,2898,2331,2397,1399,2487,1864,1161,7439,2022,1630,1243,1242,1932,1663,2624,,,,,,,
142,0,3272,1908,2899,2331,2397,1400,2484,1866,1161,7438,2020,1631,1246,1240,1934,1663,2624,,,,,,,
143,0,3275,1908,2900,2332,2396,1399,2487,1862,1162,7441,2020,1631,1245,1241,1933,1663,2647,2034,1775,1030,1278,680,1102,1251
144,,,,,,2408,1405,2490,1873,1163,7464,2029,1636,1253,1244,1939,1669,2657,2043,1780,1037,1283,680,1107,1257
145,,,,,,2408,1404,2491,1874,1163,7448,2030,1636,1250,1246,1038,1671,2656,2043,1781,1035,1284,680,1109,1255
146,0,3277,1917,2909,2338,2401,1405,2494,1872,1165,7463,2030,1636,1251,1245,1937,1672,2656,2044,1781,1035,1282,681,1110,1251
147,0,3278,1920,2909,2335,2408,1404,2493,1872,1163,7468,2028,1639,1249,1245,1938,1669,2660,2043,1779,1037,1283,678,1108,1258
148,0,3280,1915,2911,2338,2404,1402,2493,1872,1164,7466,2029,1637,1250,1246,1939,1671,2655,2040,1783,1038,1279,680,1112,1255
149,0,3283,1915,2909,2338,2403,1406,2491,1874,1164,7466,2028,1634,1252,1244,1935,1667,2659,2042,1782,1035,1283,676,1109,1256
150,0,3280,1917,2909,2338,2403,1404,2491,1873,1166,7462,2029,1637,1250,1245,1940,1670,2658,2042,1780,1037,1284,678,1112,1255
151,,,,,,2411,1402,2493,1872,1164,7467,2029,1636,1251,1244,1941,1670,2658,2042,1781,1034,1270,682,1108,1255
152,,3277,1908,2899,2332,2398,1399,2486,1865,1161,7441,2019,1629,1249,1238,1932,1664,2647,2035,1770,1034,1276,677,1105,1253
153,,,,,,2405,1399,2486,1863,1159,7441,2021,1633,1241,1242,1931,1662,2647,2034,1770,1033,1276,679,1104,1248
154,,,,,,,,,,,7438,2021,1632,1244,1241,1933,1660,2645,2038,1770,1032,1277,678,1102,1249
155,,,,,,,,,,,7438,2022,1630,1246,1241,1931,1662,2647,2035,1772,1031,1277,677,1104,1248
156,0,3274,1908,2899,2330,2397,1401,2484,1864,1161,7440,2022,1631,1244,1239,1931,1663,2647,2033,1775,1031,1276,678,1102,1249
157,,,,,,2398,1399,2486,1863,1163,7440,2019,1631,1248,1237,1935,1663,2625,,,,,,,
158,0,3278,1908,2900,2331,2396,1401,2485,1863,1161,7441,2022,1630,1243,1240,1933,1662,2647,2035,1773,1032,1277,675,1105,1252
159,,,,,,,,,,,7434,2020,1631,1245,1239,1933,1663,2646,2035,1773,1031,1276,677,1104,1251
160,0,3279,1909,2900,2333,2398,1399,2488,1866,1162,7441,2023,1631,1245,1240,1932,1666,2647,2037,1773,1033,1277,679,1105,1251
161,0,3276,1910,2899,2335,2397,1401,2487,1867,1162,7441,2021,1632,1247,1237,1932,1667,2647,2035,1774,1033,1279,678,1104,1251
162,0,3274,1910,2901,2328,2397,1400,2487,1867,1162,7442,2022,1632,1245,1240,1935,1665,2646,2037,1775,1032,1277,680,1106,1248
163,0,3278,1910,2901,2333,2400,1400,2489,1864,1161,7444,2022,1630,1246,1242,1933,1665,2623,,,,,,,
164,0,3277,1910,2901,2334,2399,1402,2487,1865,1161,7443,2022,1631,1245,1241,1932,1663,2648,2041,1772,1032,1280,677,1106,1247
165,0,3275,1909,2901,2332,2398,1403,2485,1867,1157,7443,2023,1632,1244,1241,1933,1665,2649,2034,1774,1033,1277,677,1107,1249
166,0,3275,1911,2902,2332,2398,1402,2486,1866,1161,7442,2022,1632,1246,1239,1934,1664,2648,2037,1773,1034,1276,679,1104,1252
167,0,3276,1908,2904,2333,2397,1404,2488,1865,1162,7439,2023,1635,1243,1242,1934,1661,2651,2037,1774,1031,1278,675,1108,1251
168,0,3293,1922,2914,2346,2409,1408,2501,1876,1167,7488,2036,1643,1252,1249,1945,1677,2665,2050,1786,1040,1283,684,1112,1257
169,,,,,,,,,,,7479,2036,1642,1254,1251,1943,1678,2638,,,,,,,
170,0,3286,1922,2913,2346,2409,1409,2499,1875,1166,7489,2034,1642,1255,1249,1948,1672,2664,2047,1791,1034,1288,680,1115,1258
171,,,,,,,,,,,7483,2037,1641,1255,1250,1947,1677,2664,2050,1787,1039,1286,681,1112,1259
172,,,,,,2412,1408,2500,1876,1167,7488,2036,1644,1256,1247,1946,1676,2667,2050,1786,1040,1286,682,1114,1255
173,,,,,,,,,,,7483,2029,1644,1257,1247,1948,1676,2664,2051,1786,1038,1288,681,1113,1262
174,,,,,,,,,,,7486,2037,1643,1253,1249,1946,1675,2667,2048,1787,1038,1286,684,1111,1256
175,0,3290,1921,2917,2343,2408,1408,2500,1875,1167,7488,2034,1645,1253,1249,1946,1675,2665,2049,1788,1034,1285,679,1114,1258